"Export from dimension Hierarchy: plan_chart_of_accounts:plan_chart_of_accounts, all elements in index order. Total elements=42"
"plan_chart_of_accounts","plan_chart_of_accounts"
"Sort parameters :","BYNAME","","ASCENDING",""
"Reserved"
"Line_Type","Element","Value_1","Value_2","Value_3"
"A","AccountCategory","AS"
"A","AccountClass","AS"
"A","AccountName","AA"
"A","AccountName_Brasilian","AA"
"A","AccountName_ChineseSimplified","AA"
"A","AccountName_ChineseTraditional","AA"
"A","AccountName_Croatian","AA"
"A","AccountName_Czech","AA"
"A","AccountName_Danish","AA"
"A","AccountName_English","AA"
"A","AccountName_Finnish","AA"
"A","AccountName_French","AA"
"A","AccountName_German","AA"
"A","AccountName_Hungarian","AA"
"A","AccountName_Italian","AA"
"A","AccountName_Japanese","AA"
"A","AccountName_Korean","AA"
"A","AccountName_Norwegian","AA"
"A","AccountName_Polish","AA"
"A","AccountName_Romanian","AA"
"A","AccountName_Russian","AA"
"A","AccountName_Spanish","AA"
"A","AccountName_Swedish","AA"
"A","AccountName_Turkish","AA"
"A","ExchangeRate","AS"
"A","Format","AS"
"A","FormatGroup","AS"
"E","41101","Type-N","Index-1"
"P","41101","Parent-Revenue","Type-C","Weight-1"
"V","41101","Attr Name-AccountClass","Attr Value-Revenue"
"V","41101","Attr Name-AccountName","Attr Value-Sales"
"V","41101","Attr Name-AccountName_Brasilian","Attr Value-Vendas"
"V","41101","Attr Name-AccountName_ChineseSimplified","Attr Value-销量"
"V","41101","Attr Name-AccountName_ChineseTraditional","Attr Value-銷售"
"V","41101","Attr Name-AccountName_Croatian","Attr Value-Prodaja"
"V","41101","Attr Name-AccountName_Czech","Attr Value-Prodej"
"V","41101","Attr Name-AccountName_Danish","Attr Value-Salg"
"V","41101","Attr Name-AccountName_English","Attr Value-Sales"
"V","41101","Attr Name-AccountName_Finnish","Attr Value-Myynti"
"V","41101","Attr Name-AccountName_French","Attr Value-Ventes"
"V","41101","Attr Name-AccountName_German","Attr Value-Verkäufe"
"V","41101","Attr Name-AccountName_Hungarian","Attr Value-Értékesítés"
"V","41101","Attr Name-AccountName_Italian","Attr Value-Vendite"
"V","41101","Attr Name-AccountName_Japanese","Attr Value-売上"
"V","41101","Attr Name-AccountName_Korean","Attr Value-영업"
"V","41101","Attr Name-AccountName_Norwegian","Attr Value-Salg"
"V","41101","Attr Name-AccountName_Polish","Attr Value-Sprzedaż"
"V","41101","Attr Name-AccountName_Romanian","Attr Value-Vânzări"
"V","41101","Attr Name-AccountName_Russian","Attr Value-Продажи"
"V","41101","Attr Name-AccountName_Spanish","Attr Value-Ventas"
"V","41101","Attr Name-AccountName_Swedish","Attr Value-Försäljning"
"V","41101","Attr Name-AccountName_Turkish","Attr Value-Satışlar"
"V","41101","Attr Name-Format","Attr Value-b:#,##0;(#,##0)CO|0|Y"
"E","42201","Type-N","Index-2"
"P","42201","Parent-Revenue","Type-C","Weight-1"
"V","42201","Attr Name-AccountClass","Attr Value-Revenue"
"V","42201","Attr Name-AccountName","Attr Value-Other Revenue"
"V","42201","Attr Name-AccountName_Brasilian","Attr Value-Outra Receita"
"V","42201","Attr Name-AccountName_ChineseSimplified","Attr Value-其他收入"
"V","42201","Attr Name-AccountName_ChineseTraditional","Attr Value-其他收入"
"V","42201","Attr Name-AccountName_Croatian","Attr Value-Ostali prihodi"
"V","42201","Attr Name-AccountName_Czech","Attr Value-Ostatní výnosy"
"V","42201","Attr Name-AccountName_Danish","Attr Value-Anden indtægt"
"V","42201","Attr Name-AccountName_English","Attr Value-Other Revenue"
"V","42201","Attr Name-AccountName_Finnish","Attr Value-Muut tuotot"
"V","42201","Attr Name-AccountName_French","Attr Value-Autres recettes"
"V","42201","Attr Name-AccountName_German","Attr Value-sonstige Umsätze"
"V","42201","Attr Name-AccountName_Hungarian","Attr Value-Egyéb árbevétel"
"V","42201","Attr Name-AccountName_Italian","Attr Value-Altre entrate"
"V","42201","Attr Name-AccountName_Japanese","Attr Value-その他の収益"
"V","42201","Attr Name-AccountName_Korean","Attr Value-기타 수익"
"V","42201","Attr Name-AccountName_Norwegian","Attr Value-Annen inntekt"
"V","42201","Attr Name-AccountName_Polish","Attr Value-Inne przychody"
"V","42201","Attr Name-AccountName_Romanian","Attr Value-Alt Venit"
"V","42201","Attr Name-AccountName_Russian","Attr Value-Other Revenue (Другие доходы)"
"V","42201","Attr Name-AccountName_Spanish","Attr Value-Otros ingresos"
"V","42201","Attr Name-AccountName_Swedish","Attr Value-Övriga intäkter"
"V","42201","Attr Name-AccountName_Turkish","Attr Value-Diğer Gelirler"
"V","42201","Attr Name-Format","Attr Value-b:#,##0;(#,##0)CO|0|Y"
"E","51001","Type-N","Index-3"
"P","51001","Parent-COS","Type-C","Weight-1"
"V","51001","Attr Name-AccountClass","Attr Value-Expense"
"V","51001","Attr Name-AccountName","Attr Value-Direct Cost"
"V","51001","Attr Name-AccountName_Brasilian","Attr Value-Custo Direto"
"V","51001","Attr Name-AccountName_ChineseSimplified","Attr Value-直接成本"
"V","51001","Attr Name-AccountName_ChineseTraditional","Attr Value-直接成本"
"V","51001","Attr Name-AccountName_Croatian","Attr Value-Izravan trošak"
"V","51001","Attr Name-AccountName_Czech","Attr Value-Přímé náklady"
"V","51001","Attr Name-AccountName_Danish","Attr Value-Direkte omkostning"
"V","51001","Attr Name-AccountName_English","Attr Value-Direct Costs"
"V","51001","Attr Name-AccountName_Finnish","Attr Value-Suorat kustannukset"
"V","51001","Attr Name-AccountName_French","Attr Value-Coûts de directs"
"V","51001","Attr Name-AccountName_German","Attr Value-direkte Kosten"
"V","51001","Attr Name-AccountName_Hungarian","Attr Value-Közvetlen költség"
"V","51001","Attr Name-AccountName_Italian","Attr Value-Costi diretti"
"V","51001","Attr Name-AccountName_Japanese","Attr Value-直接費用"
"V","51001","Attr Name-AccountName_Korean","Attr Value-직접 경비"
"V","51001","Attr Name-AccountName_Norwegian","Attr Value-Direkte kostnader"
"V","51001","Attr Name-AccountName_Polish","Attr Value-Koszt bezpośredni"
"V","51001","Attr Name-AccountName_Romanian","Attr Value-Cost Direct"
"V","51001","Attr Name-AccountName_Russian","Attr Value-Direct Cost (Прямые затраты)"
"V","51001","Attr Name-AccountName_Spanish","Attr Value-Costes directos"
"V","51001","Attr Name-AccountName_Swedish","Attr Value-Direkta kostnader"
"V","51001","Attr Name-AccountName_Turkish","Attr Value-Dolaysız Maliyet"
"V","51001","Attr Name-Format","Attr Value-b:#,##0;(#,##0)CO|0|Y"
"E","51003","Type-N","Index-4"
"P","51003","Parent-COS","Type-C","Weight-1"
"V","51003","Attr Name-AccountClass","Attr Value-Expense"
"V","51003","Attr Name-AccountName","Attr Value-Other Costs"
"V","51003","Attr Name-AccountName_Brasilian","Attr Value-Outros Custos"
"V","51003","Attr Name-AccountName_ChineseSimplified","Attr Value-其他成本"
"V","51003","Attr Name-AccountName_ChineseTraditional","Attr Value-其他成本"
"V","51003","Attr Name-AccountName_Croatian","Attr Value-Ostali troškovi"
"V","51003","Attr Name-AccountName_Czech","Attr Value-Ostatní náklady"
"V","51003","Attr Name-AccountName_Danish","Attr Value-Andre omkostninger"
"V","51003","Attr Name-AccountName_English","Attr Value-Other Costs"
"V","51003","Attr Name-AccountName_Finnish","Attr Value-Muut kustannukset"
"V","51003","Attr Name-AccountName_French","Attr Value-Autres Coûts"
"V","51003","Attr Name-AccountName_German","Attr Value-andere Kosten"
"V","51003","Attr Name-AccountName_Hungarian","Attr Value-Egyéb költségek"
"V","51003","Attr Name-AccountName_Italian","Attr Value-Altri costi"
"V","51003","Attr Name-AccountName_Japanese","Attr Value-その他の費用"
"V","51003","Attr Name-AccountName_Korean","Attr Value-기타 경비"
"V","51003","Attr Name-AccountName_Norwegian","Attr Value-Andre kostnader"
"V","51003","Attr Name-AccountName_Polish","Attr Value-Inne koszty"
"V","51003","Attr Name-AccountName_Romanian","Attr Value-Alte costuri"
"V","51003","Attr Name-AccountName_Russian","Attr Value-Other Costs (Прочие затраты)"
"V","51003","Attr Name-AccountName_Spanish","Attr Value-Otros costes"
"V","51003","Attr Name-AccountName_Swedish","Attr Value-Övriga kostnader"
"V","51003","Attr Name-AccountName_Turkish","Attr Value-Diğer Maliyetler"
"V","51003","Attr Name-Format","Attr Value-b:#,##0;(#,##0)CO|0|Y"
"E","61010","Type-N","Index-5"
"P","61010","Parent-Other Expenses","Type-C","Weight-1"
"V","61010","Attr Name-AccountClass","Attr Value-Expense"
"V","61010","Attr Name-AccountName","Attr Value-Bank Charges"
"V","61010","Attr Name-AccountName_Brasilian","Attr Value-Tarifas Bancárias"
"V","61010","Attr Name-AccountName_ChineseSimplified","Attr Value-银行收费"
"V","61010","Attr Name-AccountName_ChineseTraditional","Attr Value-銀行費用"
"V","61010","Attr Name-AccountName_Croatian","Attr Value-Bankovni troškovi"
"V","61010","Attr Name-AccountName_Czech","Attr Value-Bankovní poplatky"
"V","61010","Attr Name-AccountName_Danish","Attr Value-Bankgebyrer"
"V","61010","Attr Name-AccountName_English","Attr Value-Bank Charges"
"V","61010","Attr Name-AccountName_Finnish","Attr Value-Pankkikulut"
"V","61010","Attr Name-AccountName_French","Attr Value-Frais bancaires"
"V","61010","Attr Name-AccountName_German","Attr Value-Bank-Gebühren"
"V","61010","Attr Name-AccountName_Hungarian","Attr Value-Banki költségek"
"V","61010","Attr Name-AccountName_Italian","Attr Value-Spese bancarie"
"V","61010","Attr Name-AccountName_Japanese","Attr Value-銀行手数料"
"V","61010","Attr Name-AccountName_Korean","Attr Value-은행 수수료"
"V","61010","Attr Name-AccountName_Norwegian","Attr Value-Bankgebyrer"
"V","61010","Attr Name-AccountName_Polish","Attr Value-Opłaty bankowe"
"V","61010","Attr Name-AccountName_Romanian","Attr Value-Taxe bancare"
"V","61010","Attr Name-AccountName_Russian","Attr Value-Bank Charges (Оплата банковских услуг)"
"V","61010","Attr Name-AccountName_Spanish","Attr Value-Comisiones bancarias"
"V","61010","Attr Name-AccountName_Swedish","Attr Value-Bankavgifter"
"V","61010","Attr Name-AccountName_Turkish","Attr Value-Banka Giderleri"
"V","61010","Attr Name-Format","Attr Value-b:#,##0;(#,##0)CO|0|Y"
"E","61015","Type-N","Index-6"
"P","61015","Parent-Other Expenses","Type-C","Weight-1"
"V","61015","Attr Name-AccountClass","Attr Value-Expense"
"V","61015","Attr Name-AccountName","Attr Value-Board of Directors"
"V","61015","Attr Name-AccountName_Brasilian","Attr Value-Conselho de Administração"
"V","61015","Attr Name-AccountName_ChineseSimplified","Attr Value-董事会"
"V","61015","Attr Name-AccountName_ChineseTraditional","Attr Value-董事會"
"V","61015","Attr Name-AccountName_Croatian","Attr Value-Poslovni odbor"
"V","61015","Attr Name-AccountName_Czech","Attr Value-Dozorčí rada"
"V","61015","Attr Name-AccountName_Danish","Attr Value-Bestyrelse"
"V","61015","Attr Name-AccountName_English","Attr Value-Board of Directors"
"V","61015","Attr Name-AccountName_Finnish","Attr Value-Hallitus"
"V","61015","Attr Name-AccountName_French","Attr Value-Comité de direction"
"V","61015","Attr Name-AccountName_German","Attr Value-Aufsichtsrat"
"V","61015","Attr Name-AccountName_Hungarian","Attr Value-Igazgatói testület"
"V","61015","Attr Name-AccountName_Italian","Attr Value-Consiglio di amministrazione"
"V","61015","Attr Name-AccountName_Japanese","Attr Value-重役会"
"V","61015","Attr Name-AccountName_Korean","Attr Value-이사회"
"V","61015","Attr Name-AccountName_Norwegian","Attr Value-Styre"
"V","61015","Attr Name-AccountName_Polish","Attr Value-Rada nadzorcza"
"V","61015","Attr Name-AccountName_Romanian","Attr Value-Comisie de Directori"
"V","61015","Attr Name-AccountName_Russian","Attr Value-Board of Directors (Совет директоров)"
"V","61015","Attr Name-AccountName_Spanish","Attr Value-Consejo directivo"
"V","61015","Attr Name-AccountName_Swedish","Attr Value-Bolagsstyrelse"
"V","61015","Attr Name-AccountName_Turkish","Attr Value-Yönetim Kurulu"
"V","61015","Attr Name-Format","Attr Value-b:#,##0;(#,##0)CO|0|Y"
"E","61030","Type-N","Index-7"
"P","61030","Parent-Other Expenses","Type-C","Weight-1"
"V","61030","Attr Name-AccountClass","Attr Value-Expense"
"V","61030","Attr Name-AccountName","Attr Value-Employee Relations"
"V","61030","Attr Name-AccountName_Brasilian","Attr Value-Relacionamentos de Funcionários"
"V","61030","Attr Name-AccountName_ChineseSimplified","Attr Value-雇员关系"
"V","61030","Attr Name-AccountName_ChineseTraditional","Attr Value-員工關係"
"V","61030","Attr Name-AccountName_Croatian","Attr Value-Odnosi zaposlenika"
"V","61030","Attr Name-AccountName_Czech","Attr Value-Vztahy se zaměstnanci"
"V","61030","Attr Name-AccountName_Danish","Attr Value-Medarbejderforhold"
"V","61030","Attr Name-AccountName_English","Attr Value-Employee Relations"
"V","61030","Attr Name-AccountName_Finnish","Attr Value-Työsuhteet"
"V","61030","Attr Name-AccountName_French","Attr Value-Relations employés"
"V","61030","Attr Name-AccountName_German","Attr Value-Mitarbeiterbeziehungen"
"V","61030","Attr Name-AccountName_Hungarian","Attr Value-Alkalmazotti viszonyok"
"V","61030","Attr Name-AccountName_Italian","Attr Value-Relazioni con i dipendenti"
"V","61030","Attr Name-AccountName_Japanese","Attr Value-社員関連"
"V","61030","Attr Name-AccountName_Korean","Attr Value-고용인 관계"
"V","61030","Attr Name-AccountName_Norwegian","Attr Value-Ansatterelasjoner"
"V","61030","Attr Name-AccountName_Polish","Attr Value-Relacje z pracownikami"
"V","61030","Attr Name-AccountName_Romanian","Attr Value-Relaţii dintre angajaţi"
"V","61030","Attr Name-AccountName_Russian","Attr Value-Employee Relations (Отношения с наемными работниками)"
"V","61030","Attr Name-AccountName_Spanish","Attr Value-Relaciones con los empleados"
"V","61030","Attr Name-AccountName_Swedish","Attr Value-Personalrelationer"
"V","61030","Attr Name-AccountName_Turkish","Attr Value-Çalışan İlişkileri"
"V","61030","Attr Name-Format","Attr Value-b:#,##0;(#,##0)CO|0|Y"
"E","61060","Type-N","Index-8"
"P","61060","Parent-Payroll","Type-C","Weight-1"
"V","61060","Attr Name-AccountClass","Attr Value-Expense"
"V","61060","Attr Name-AccountName","Attr Value-Wages Expense"
"V","61060","Attr Name-AccountName_Brasilian","Attr Value-Despesas de Remunerações"
"V","61060","Attr Name-AccountName_ChineseSimplified","Attr Value-工资支出"
"V","61060","Attr Name-AccountName_ChineseTraditional","Attr Value-工資費用"
"V","61060","Attr Name-AccountName_Croatian","Attr Value-Izdaci za nadnice"
"V","61060","Attr Name-AccountName_Czech","Attr Value-Platové náklady"
"V","61060","Attr Name-AccountName_Danish","Attr Value-Gageudgifter"
"V","61060","Attr Name-AccountName_English","Attr Value-Wages Expense"
"V","61060","Attr Name-AccountName_Finnish","Attr Value-Palkkakulut"
"V","61060","Attr Name-AccountName_French","Attr Value-Salaires"
"V","61060","Attr Name-AccountName_German","Attr Value-Löhne und Gehälter"
"V","61060","Attr Name-AccountName_Hungarian","Attr Value-Bérköltségek"
"V","61060","Attr Name-AccountName_Italian","Attr Value-Spese per salari"
"V","61060","Attr Name-AccountName_Japanese","Attr Value-給与経費"
"V","61060","Attr Name-AccountName_Korean","Attr Value-임금 지출"
"V","61060","Attr Name-AccountName_Norwegian","Attr Value-Lønnsutgifter"
"V","61060","Attr Name-AccountName_Polish","Attr Value-Wydatki na płace"
"V","61060","Attr Name-AccountName_Romanian","Attr Value-Cheltuieli de salarizare"
"V","61060","Attr Name-AccountName_Russian","Attr Value-Расходы на вознаграждения"
"V","61060","Attr Name-AccountName_Spanish","Attr Value-Gastos salariales"
"V","61060","Attr Name-AccountName_Swedish","Attr Value-Lönekostnader"
"V","61060","Attr Name-AccountName_Turkish","Attr Value-Ücretlerin Masrafı"
"V","61060","Attr Name-Format","Attr Value-b:#,##0;(#,##0)CO|0|Y"
"E","61065","Type-N","Index-9"
"P","61065","Parent-Other Expenses","Type-C","Weight-1"
"V","61065","Attr Name-AccountClass","Attr Value-Expense"
"V","61065","Attr Name-AccountName","Attr Value-Printing"
"V","61065","Attr Name-AccountName_Brasilian","Attr Value-Imprimindo"
"V","61065","Attr Name-AccountName_ChineseSimplified","Attr Value-印刷"
"V","61065","Attr Name-AccountName_ChineseTraditional","Attr Value-列印"
"V","61065","Attr Name-AccountName_Croatian","Attr Value-Ispis"
"V","61065","Attr Name-AccountName_Czech","Attr Value-Tisk"
"V","61065","Attr Name-AccountName_Danish","Attr Value-Udskrivning"
"V","61065","Attr Name-AccountName_English","Attr Value-Printing"
"V","61065","Attr Name-AccountName_Finnish","Attr Value-Painokulut"
"V","61065","Attr Name-AccountName_French","Attr Value-Impression"
"V","61065","Attr Name-AccountName_German","Attr Value-Broschüren"
"V","61065","Attr Name-AccountName_Hungarian","Attr Value-Nyomtatás"
"V","61065","Attr Name-AccountName_Italian","Attr Value-Stampa"
"V","61065","Attr Name-AccountName_Japanese","Attr Value-印刷"
"V","61065","Attr Name-AccountName_Korean","Attr Value-인쇄"
"V","61065","Attr Name-AccountName_Norwegian","Attr Value-Utskrift"
"V","61065","Attr Name-AccountName_Polish","Attr Value-Drukowanie"
"V","61065","Attr Name-AccountName_Romanian","Attr Value-Tipărire"
"V","61065","Attr Name-AccountName_Russian","Attr Value-Распечатка"
"V","61065","Attr Name-AccountName_Spanish","Attr Value-Imprimiendo"
"V","61065","Attr Name-AccountName_Swedish","Attr Value-Trycksaker"
"V","61065","Attr Name-AccountName_Turkish","Attr Value-Yazdırma"
"V","61065","Attr Name-Format","Attr Value-b:#,##0;(#,##0)CO|0|Y"
"E","61070","Type-N","Index-10"
"P","61070","Parent-Payroll","Type-C","Weight-1"
"V","61070","Attr Name-AccountClass","Attr Value-Expense"
"V","61070","Attr Name-AccountName","Attr Value-Benefits Expense"
"V","61070","Attr Name-AccountName_Brasilian","Attr Value-Despesas de Benefícios"
"V","61070","Attr Name-AccountName_ChineseSimplified","Attr Value-福利支出"
"V","61070","Attr Name-AccountName_ChineseTraditional","Attr Value-福利費用"
"V","61070","Attr Name-AccountName_Croatian","Attr Value-Izdaci za povlastice"
"V","61070","Attr Name-AccountName_Czech","Attr Value-Náklady na benefity"
"V","61070","Attr Name-AccountName_Danish","Attr Value-Udgift til goder"
"V","61070","Attr Name-AccountName_English","Attr Value-Benefits Expense"
"V","61070","Attr Name-AccountName_Finnish","Attr Value-Etuuksista aiheutuvat kulut"
"V","61070","Attr Name-AccountName_French","Attr Value-Avantages en nature"
"V","61070","Attr Name-AccountName_German","Attr Value-Altersversorgung"
"V","61070","Attr Name-AccountName_Hungarian","Attr Value-Juttatások költsége"
"V","61070","Attr Name-AccountName_Italian","Attr Value-Spese per indennità"
"V","61070","Attr Name-AccountName_Japanese","Attr Value-福利厚生経費"
"V","61070","Attr Name-AccountName_Korean","Attr Value-복리후생 경비"
"V","61070","Attr Name-AccountName_Norwegian","Attr Value-Utgifter til goder"
"V","61070","Attr Name-AccountName_Polish","Attr Value-Wydatki na świadczenia"
"V","61070","Attr Name-AccountName_Romanian","Attr Value-Cheltuieli de beneficii"
"V","61070","Attr Name-AccountName_Russian","Attr Value-Расходы на льготы"
"V","61070","Attr Name-AccountName_Spanish","Attr Value-Previsión social"
"V","61070","Attr Name-AccountName_Swedish","Attr Value-Förmåner"
"V","61070","Attr Name-AccountName_Turkish","Attr Value-Ek Faydaların Masrafı"
"V","61070","Attr Name-Format","Attr Value-b:#,##0;(#,##0)CO|0|Y"
"E","61080","Type-N","Index-11"
"P","61080","Parent-Other Expenses","Type-C","Weight-1"
"V","61080","Attr Name-AccountClass","Attr Value-Expense"
"V","61080","Attr Name-AccountName","Attr Value-Seminars & Continuing Ed."
"V","61080","Attr Name-AccountName_Brasilian","Attr Value-Seminários e Educ. Continuada"
"V","61080","Attr Name-AccountName_ChineseSimplified","Attr Value-研讨会与进修教育"
"V","61080","Attr Name-AccountName_ChineseTraditional","Attr Value-講座與持續進修"
"V","61080","Attr Name-AccountName_Croatian","Attr Value-Seminari i kontinuirano obrazovanje"
"V","61080","Attr Name-AccountName_Czech","Attr Value-Semináře &amp; další výuka"
"V","61080","Attr Name-AccountName_Danish","Attr Value-Seminarer og videreuddannelse."
"V","61080","Attr Name-AccountName_English","Attr Value-Seminars & Continuing Ed."
"V","61080","Attr Name-AccountName_Finnish","Attr Value-Seminaarit ja jatkokoulutus"
"V","61080","Attr Name-AccountName_French","Attr Value-Séminaires"
"V","61080","Attr Name-AccountName_German","Attr Value-Seminare und Ausbildung"
"V","61080","Attr Name-AccountName_Hungarian","Attr Value-Szemináriumok és folyamatos képzés"
"V","61080","Attr Name-AccountName_Italian","Attr Value-Seminari e formazione continua"
"V","61080","Attr Name-AccountName_Japanese","Attr Value-セミナーと継続教室"
"V","61080","Attr Name-AccountName_Korean","Attr Value-세미나 및 평생 교육"
"V","61080","Attr Name-AccountName_Norwegian","Attr Value-Seminarer & videreutdanning"
"V","61080","Attr Name-AccountName_Polish","Attr Value-Seminaria i kształcenie ciągłe"
"V","61080","Attr Name-AccountName_Romanian","Attr Value-Seminarii &amp; Continuare Ed."
"V","61080","Attr Name-AccountName_Russian","Attr Value-Seminars &amp; Continuing Ed. (Семинары и курсы обучения)"
"V","61080","Attr Name-AccountName_Spanish","Attr Value-Seminarios y Educación continua"
"V","61080","Attr Name-AccountName_Swedish","Attr Value-Seminarier och fortbildning"
"V","61080","Attr Name-AccountName_Turkish","Attr Value-Seminerler ve Sürekli Eğitim"
"V","61080","Attr Name-Format","Attr Value-b:#,##0;(#,##0)CO|0|Y"
"E","61095","Type-N","Index-12"
"P","61095","Parent-Other Expenses","Type-C","Weight-1"
"V","61095","Attr Name-AccountClass","Attr Value-Expense"
"V","61095","Attr Name-AccountName","Attr Value-Taxes & Licenses"
"V","61095","Attr Name-AccountName_Brasilian","Attr Value-Impostos e Licenças"
"V","61095","Attr Name-AccountName_ChineseSimplified","Attr Value-税收与许可证"
"V","61095","Attr Name-AccountName_ChineseTraditional","Attr Value-稅額與執照"
"V","61095","Attr Name-AccountName_Croatian","Attr Value-Porezi i licence"
"V","61095","Attr Name-AccountName_Czech","Attr Value-Daně &amp; licence"
"V","61095","Attr Name-AccountName_Danish","Attr Value-Gebyrer og licenser"
"V","61095","Attr Name-AccountName_English","Attr Value-Taxes & Licenses"
"V","61095","Attr Name-AccountName_Finnish","Attr Value-Verot ja käyttömaksut"
"V","61095","Attr Name-AccountName_French","Attr Value-Taxes & Licences"
"V","61095","Attr Name-AccountName_German","Attr Value-Steuern und Lizenzen"
"V","61095","Attr Name-AccountName_Hungarian","Attr Value-Adók és licencek"
"V","61095","Attr Name-AccountName_Italian","Attr Value-Tasse e licenze"
"V","61095","Attr Name-AccountName_Japanese","Attr Value-税金とライセンス"
"V","61095","Attr Name-AccountName_Korean","Attr Value-세금 및 라이센스"
"V","61095","Attr Name-AccountName_Norwegian","Attr Value-Avgifter & lisenser"
"V","61095","Attr Name-AccountName_Polish","Attr Value-Podatki i licencje"
"V","61095","Attr Name-AccountName_Romanian","Attr Value-Taxe &amp; Licenţe"
"V","61095","Attr Name-AccountName_Russian","Attr Value-Налоги и лицензии"
"V","61095","Attr Name-AccountName_Spanish","Attr Value-Impuestos y Licencias"
"V","61095","Attr Name-AccountName_Swedish","Attr Value-Skatter och avgifter"
"V","61095","Attr Name-AccountName_Turkish","Attr Value-Vergiler ve Lisanslar"
"V","61095","Attr Name-Format","Attr Value-b:#,##0;(#,##0)CO|0|Y"
"E","62001","Type-N","Index-13"
"P","62001","Parent-Payroll","Type-C","Weight-1"
"V","62001","Attr Name-AccountClass","Attr Value-Expense"
"V","62001","Attr Name-AccountName","Attr Value-Payroll Taxes"
"V","62001","Attr Name-AccountName_Brasilian","Attr Value-Impostos de Folha de Pagamento"
"V","62001","Attr Name-AccountName_ChineseSimplified","Attr Value-工资税"
"V","62001","Attr Name-AccountName_ChineseTraditional","Attr Value-薪資稅"
"V","62001","Attr Name-AccountName_Croatian","Attr Value-Porezi na osobne dohotke"
"V","62001","Attr Name-AccountName_Czech","Attr Value-Daně ze mzdy"
"V","62001","Attr Name-AccountName_Danish","Attr Value-Lønskatter"
"V","62001","Attr Name-AccountName_English","Attr Value-Payroll Taxes"
"V","62001","Attr Name-AccountName_Finnish","Attr Value-Palkkaverot"
"V","62001","Attr Name-AccountName_French","Attr Value-Charges sociales"
"V","62001","Attr Name-AccountName_German","Attr Value-Lohnsteuer"
"V","62001","Attr Name-AccountName_Hungarian","Attr Value-Bérköltség adók"
"V","62001","Attr Name-AccountName_Italian","Attr Value-Contributi"
"V","62001","Attr Name-AccountName_Japanese","Attr Value-支払給与税"
"V","62001","Attr Name-AccountName_Korean","Attr Value-급여 세금"
"V","62001","Attr Name-AccountName_Norwegian","Attr Value-Arbeidsgiveravgift"
"V","62001","Attr Name-AccountName_Polish","Attr Value-Podatki na liście płac"
"V","62001","Attr Name-AccountName_Romanian","Attr Value-Taxe de salarizare"
"V","62001","Attr Name-AccountName_Russian","Attr Value-Налоги на зарплату"
"V","62001","Attr Name-AccountName_Spanish","Attr Value-Impuestos sobre nóminas"
"V","62001","Attr Name-AccountName_Swedish","Attr Value-Sociala avgifter och löneskatt"
"V","62001","Attr Name-AccountName_Turkish","Attr Value-Bordro Vergileri"
"V","62001","Attr Name-Format","Attr Value-b:#,##0;(#,##0)CO|0|Y"
"E","63040","Type-N","Index-14"
"P","63040","Parent-Travel","Type-C","Weight-1"
"V","63040","Attr Name-AccountClass","Attr Value-Expense"
"V","63040","Attr Name-AccountName","Attr Value-Travel - Other"
"V","63040","Attr Name-AccountName_Brasilian","Attr Value-Viagem - Outros"
"V","63040","Attr Name-AccountName_ChineseSimplified","Attr Value-差旅 - 其他"
"V","63040","Attr Name-AccountName_ChineseTraditional","Attr Value-差旅 - 其他"
"V","63040","Attr Name-AccountName_Croatian","Attr Value-Putovanja - ostalo"
"V","63040","Attr Name-AccountName_Czech","Attr Value-Cestovné - jiné"
"V","63040","Attr Name-AccountName_Danish","Attr Value-Rejse - Andet"
"V","63040","Attr Name-AccountName_English","Attr Value-Travel - Other"
"V","63040","Attr Name-AccountName_Finnish","Attr Value-Matkat - muu"
"V","63040","Attr Name-AccountName_French","Attr Value-Voyages-Autres"
"V","63040","Attr Name-AccountName_German","Attr Value-Reisekosten, sonstige"
"V","63040","Attr Name-AccountName_Hungarian","Attr Value-Utazás - Egyéb"
"V","63040","Attr Name-AccountName_Italian","Attr Value-Viaggi - Altro"
"V","63040","Attr Name-AccountName_Japanese","Attr Value-出張 - その他"
"V","63040","Attr Name-AccountName_Korean","Attr Value-출장 - 기타"
"V","63040","Attr Name-AccountName_Norwegian","Attr Value-Reise - annet"
"V","63040","Attr Name-AccountName_Polish","Attr Value-Podróże - inne"
"V","63040","Attr Name-AccountName_Romanian","Attr Value-Voiaj - Altele"
"V","63040","Attr Name-AccountName_Russian","Attr Value-Командировки - Прочее"
"V","63040","Attr Name-AccountName_Spanish","Attr Value-Viajes - Otro"
"V","63040","Attr Name-AccountName_Swedish","Attr Value-Resor - övrigt"
"V","63040","Attr Name-AccountName_Turkish","Attr Value-Seyahat - Diğer"
"V","63040","Attr Name-Format","Attr Value-b:#,##0;(#,##0)CO|0|Y"
"E","64005","Type-N","Index-15"
"P","64005","Parent-Depr & Amort","Type-C","Weight-1"
"V","64005","Attr Name-AccountClass","Attr Value-Expense"
"V","64005","Attr Name-AccountName","Attr Value-Amortization Expense"
"V","64005","Attr Name-AccountName_Brasilian","Attr Value-Despesas de Amortização"
"V","64005","Attr Name-AccountName_ChineseSimplified","Attr Value-摊销费用"
"V","64005","Attr Name-AccountName_ChineseTraditional","Attr Value-攤銷費用"
"V","64005","Attr Name-AccountName_Croatian","Attr Value-Amortizacijski izdaci"
"V","64005","Attr Name-AccountName_Czech","Attr Value-Náklady na amortizaci"
"V","64005","Attr Name-AccountName_Danish","Attr Value-Amortiseringsudgifter"
"V","64005","Attr Name-AccountName_English","Attr Value-Amortization Expense"
"V","64005","Attr Name-AccountName_Finnish","Attr Value-Lyhennyskulut"
"V","64005","Attr Name-AccountName_French","Attr Value-64005"
"V","64005","Attr Name-AccountName_German","Attr Value-64005"
"V","64005","Attr Name-AccountName_Hungarian","Attr Value-Amortizációs költség"
"V","64005","Attr Name-AccountName_Italian","Attr Value-Spese di ammortamento"
"V","64005","Attr Name-AccountName_Japanese","Attr Value-償却経費"
"V","64005","Attr Name-AccountName_Korean","Attr Value-상각 경비"
"V","64005","Attr Name-AccountName_Norwegian","Attr Value-Nedskrivningskostnader"
"V","64005","Attr Name-AccountName_Polish","Attr Value-Wydatki związane z umorzeniami"
"V","64005","Attr Name-AccountName_Romanian","Attr Value-Cheltuieli cu amortizarea"
"V","64005","Attr Name-AccountName_Russian","Attr Value-Амортизационные отчисления"
"V","64005","Attr Name-AccountName_Spanish","Attr Value-Gastos de amortización"
"V","64005","Attr Name-AccountName_Swedish","Attr Value-Amorteringskostnader"
"V","64005","Attr Name-AccountName_Turkish","Attr Value-Amortisman Masrafı (Maddi Olmayan Varlıklar)"
"V","64005","Attr Name-Format","Attr Value-b:#,##0;(#,##0)CO|0|Y"
"E","64020","Type-N","Index-16"
"P","64020","Parent-Depr & Amort","Type-C","Weight-1"
"V","64020","Attr Name-AccountClass","Attr Value-Expense"
"V","64020","Attr Name-AccountName","Attr Value-Depreciation Expense"
"V","64020","Attr Name-AccountName_Brasilian","Attr Value-Despesas de Depreciação"
"V","64020","Attr Name-AccountName_ChineseSimplified","Attr Value-折旧费"
"V","64020","Attr Name-AccountName_ChineseTraditional","Attr Value-折舊費用"
"V","64020","Attr Name-AccountName_Croatian","Attr Value-Izdaci za amortizaciju"
"V","64020","Attr Name-AccountName_Czech","Attr Value-Náklady na odpisy"
"V","64020","Attr Name-AccountName_Danish","Attr Value-Afskrivningsudgift"
"V","64020","Attr Name-AccountName_English","Attr Value-Depreciation Expense"
"V","64020","Attr Name-AccountName_Finnish","Attr Value-Poistokulut"
"V","64020","Attr Name-AccountName_French","Attr Value-64020"
"V","64020","Attr Name-AccountName_German","Attr Value-64020"
"V","64020","Attr Name-AccountName_Hungarian","Attr Value-Értékcsökkenési költség"
"V","64020","Attr Name-AccountName_Italian","Attr Value-Spese di deprezzamento"
"V","64020","Attr Name-AccountName_Japanese","Attr Value-減価経費"
"V","64020","Attr Name-AccountName_Korean","Attr Value-감가상각비"
"V","64020","Attr Name-AccountName_Norwegian","Attr Value-Avskrivningskostnader"
"V","64020","Attr Name-AccountName_Polish","Attr Value-Wydatki na amortyzację"
"V","64020","Attr Name-AccountName_Romanian","Attr Value-Cheltuieli de amortizare"
"V","64020","Attr Name-AccountName_Russian","Attr Value-Расходы на уценку"
"V","64020","Attr Name-AccountName_Spanish","Attr Value-Gastos de depreciación"
"V","64020","Attr Name-AccountName_Swedish","Attr Value-Avskrivningskostnader"
"V","64020","Attr Name-AccountName_Turkish","Attr Value-Amortisman Masrafı"
"V","64020","Attr Name-Format","Attr Value-b:#,##0;(#,##0)CO|0|Y"
"E","64055","Type-N","Index-17"
"P","64055","Parent-Other Expenses","Type-C","Weight-1"
"V","64055","Attr Name-AccountClass","Attr Value-Expense"
"V","64055","Attr Name-AccountName","Attr Value-Office Expense"
"V","64055","Attr Name-AccountName_Brasilian","Attr Value-Despesas do Escritório"
"V","64055","Attr Name-AccountName_ChineseSimplified","Attr Value-办公费用"
"V","64055","Attr Name-AccountName_ChineseTraditional","Attr Value-辦公室費用"
"V","64055","Attr Name-AccountName_Croatian","Attr Value-Uredski troškovi"
"V","64055","Attr Name-AccountName_Czech","Attr Value-Administrativní náklady"
"V","64055","Attr Name-AccountName_Danish","Attr Value-Kontorhold"
"V","64055","Attr Name-AccountName_English","Attr Value-Office Expense"
"V","64055","Attr Name-AccountName_Finnish","Attr Value-Toimistokulut"
"V","64055","Attr Name-AccountName_French","Attr Value-Fournitures de bureau"
"V","64055","Attr Name-AccountName_German","Attr Value-Bürokosten"
"V","64055","Attr Name-AccountName_Hungarian","Attr Value-Irodai költségek"
"V","64055","Attr Name-AccountName_Italian","Attr Value-Spese per ufficio"
"V","64055","Attr Name-AccountName_Japanese","Attr Value-オフィス経費"
"V","64055","Attr Name-AccountName_Korean","Attr Value-사무비"
"V","64055","Attr Name-AccountName_Norwegian","Attr Value-Kontorutgifter"
"V","64055","Attr Name-AccountName_Polish","Attr Value-Wydatki biurowe"
"V","64055","Attr Name-AccountName_Romanian","Attr Value-Cheluială de birou"
"V","64055","Attr Name-AccountName_Russian","Attr Value-Офисные расходы"
"V","64055","Attr Name-AccountName_Spanish","Attr Value-Gastos de oficina"
"V","64055","Attr Name-AccountName_Swedish","Attr Value-Kontorskostnader"
"V","64055","Attr Name-AccountName_Turkish","Attr Value-Ofis Masrafı"
"V","64055","Attr Name-Format","Attr Value-b:#,##0;(#,##0)CO|0|Y"
"E","64060","Type-N","Index-18"
"P","64060","Parent-Other Expenses","Type-C","Weight-1"
"V","64060","Attr Name-AccountClass","Attr Value-Expense"
"V","64060","Attr Name-AccountName","Attr Value-Postage"
"V","64060","Attr Name-AccountName_Brasilian","Attr Value-Postagem"
"V","64060","Attr Name-AccountName_ChineseSimplified","Attr Value-邮寄费用"
"V","64060","Attr Name-AccountName_ChineseTraditional","Attr Value-郵資"
"V","64060","Attr Name-AccountName_Croatian","Attr Value-Poštarina"
"V","64060","Attr Name-AccountName_Czech","Attr Value-Poštovné"
"V","64060","Attr Name-AccountName_Danish","Attr Value-Porto"
"V","64060","Attr Name-AccountName_English","Attr Value-Postage"
"V","64060","Attr Name-AccountName_Finnish","Attr Value-Postituskulut"
"V","64060","Attr Name-AccountName_French","Attr Value-Affranchissement"
"V","64060","Attr Name-AccountName_German","Attr Value-Porto"
"V","64060","Attr Name-AccountName_Hungarian","Attr Value-Posta"
"V","64060","Attr Name-AccountName_Italian","Attr Value-Spese postali"
"V","64060","Attr Name-AccountName_Japanese","Attr Value-郵便"
"V","64060","Attr Name-AccountName_Korean","Attr Value-우송료"
"V","64060","Attr Name-AccountName_Norwegian","Attr Value-Porto"
"V","64060","Attr Name-AccountName_Polish","Attr Value-Opłaty pocztowe"
"V","64060","Attr Name-AccountName_Romanian","Attr Value-Tarif poştal"
"V","64060","Attr Name-AccountName_Russian","Attr Value-Почтовые расходы"
"V","64060","Attr Name-AccountName_Spanish","Attr Value-Franqueo"
"V","64060","Attr Name-AccountName_Swedish","Attr Value-Porto"
"V","64060","Attr Name-AccountName_Turkish","Attr Value-Posta Ücretleri"
"V","64060","Attr Name-Format","Attr Value-b:#,##0;(#,##0)CO|0|Y"
"E","64065","Type-N","Index-19"
"P","64065","Parent-Other Expenses","Type-C","Weight-1"
"V","64065","Attr Name-AccountClass","Attr Value-Expense"
"V","64065","Attr Name-AccountName","Attr Value-Rent"
"V","64065","Attr Name-AccountName_Brasilian","Attr Value-Aluguel"
"V","64065","Attr Name-AccountName_ChineseSimplified","Attr Value-租金"
"V","64065","Attr Name-AccountName_ChineseTraditional","Attr Value-租金"
"V","64065","Attr Name-AccountName_Croatian","Attr Value-Najam"
"V","64065","Attr Name-AccountName_Czech","Attr Value-Nájem"
"V","64065","Attr Name-AccountName_Danish","Attr Value-Husleje"
"V","64065","Attr Name-AccountName_English","Attr Value-Rent"
"V","64065","Attr Name-AccountName_Finnish","Attr Value-Vuokra"
"V","64065","Attr Name-AccountName_French","Attr Value-Loyers"
"V","64065","Attr Name-AccountName_German","Attr Value-Mieten"
"V","64065","Attr Name-AccountName_Hungarian","Attr Value-Bérleti díj"
"V","64065","Attr Name-AccountName_Italian","Attr Value-Affitto"
"V","64065","Attr Name-AccountName_Japanese","Attr Value-賃貸"
"V","64065","Attr Name-AccountName_Korean","Attr Value-임대"
"V","64065","Attr Name-AccountName_Norwegian","Attr Value-Leie"
"V","64065","Attr Name-AccountName_Polish","Attr Value-Czynsz"
"V","64065","Attr Name-AccountName_Romanian","Attr Value-Chirie"
"V","64065","Attr Name-AccountName_Russian","Attr Value-Аренда"
"V","64065","Attr Name-AccountName_Spanish","Attr Value-Alquiler"
"V","64065","Attr Name-AccountName_Swedish","Attr Value-Hyra"
"V","64065","Attr Name-AccountName_Turkish","Attr Value-Kira"
"V","64065","Attr Name-Format","Attr Value-b:#,##0;(#,##0)CO|0|Y"
"E","64070","Type-N","Index-20"
"P","64070","Parent-Other Expenses","Type-C","Weight-1"
"V","64070","Attr Name-AccountClass","Attr Value-Expense"
"V","64070","Attr Name-AccountName","Attr Value-Repairs & Maintenance"
"V","64070","Attr Name-AccountName_Brasilian","Attr Value-Reparos e Manutenção"
"V","64070","Attr Name-AccountName_ChineseSimplified","Attr Value-保养与维护"
"V","64070","Attr Name-AccountName_ChineseTraditional","Attr Value-維修與保養"
"V","64070","Attr Name-AccountName_Croatian","Attr Value-Popravci i održavanje"
"V","64070","Attr Name-AccountName_Czech","Attr Value-Opravy &amp; údržba"
"V","64070","Attr Name-AccountName_Danish","Attr Value-Reparation og vedligeholdelse"
"V","64070","Attr Name-AccountName_English","Attr Value-Repairs & Maintenance"
"V","64070","Attr Name-AccountName_Finnish","Attr Value-Huolto ja ylläpito"
"V","64070","Attr Name-AccountName_French","Attr Value-Réparations et maintenance"
"V","64070","Attr Name-AccountName_German","Attr Value-Reparaturen und Instandhaltung"
"V","64070","Attr Name-AccountName_Hungarian","Attr Value-Javítás és karbantartás"
"V","64070","Attr Name-AccountName_Italian","Attr Value-Riparazioni e manutenzione"
"V","64070","Attr Name-AccountName_Japanese","Attr Value-修理と維持"
"V","64070","Attr Name-AccountName_Korean","Attr Value-수리 및 유지보수"
"V","64070","Attr Name-AccountName_Norwegian","Attr Value-Reparasjoner & vedlikehold"
"V","64070","Attr Name-AccountName_Polish","Attr Value-Naprawy i konserwacje"
"V","64070","Attr Name-AccountName_Romanian","Attr Value-Reparaţii &amp; Întreţinere"
"V","64070","Attr Name-AccountName_Russian","Attr Value-Ремонт и обслуживание"
"V","64070","Attr Name-AccountName_Spanish","Attr Value-Reparaciones y mantenimiento"
"V","64070","Attr Name-AccountName_Swedish","Attr Value-Reparationer och underhåll"
"V","64070","Attr Name-AccountName_Turkish","Attr Value-Onarım ve Bakım"
"V","64070","Attr Name-Format","Attr Value-b:#,##0;(#,##0)CO|0|Y"
"E","64090","Type-N","Index-21"
"P","64090","Parent-Other Expenses","Type-C","Weight-1"
"V","64090","Attr Name-AccountClass","Attr Value-Expense"
"V","64090","Attr Name-AccountName","Attr Value-Telephone"
"V","64090","Attr Name-AccountName_Brasilian","Attr Value-Telefone"
"V","64090","Attr Name-AccountName_ChineseSimplified","Attr Value-电话费"
"V","64090","Attr Name-AccountName_ChineseTraditional","Attr Value-電話"
"V","64090","Attr Name-AccountName_Croatian","Attr Value-Telefon"
"V","64090","Attr Name-AccountName_Czech","Attr Value-Telefon"
"V","64090","Attr Name-AccountName_Danish","Attr Value-Telefon"
"V","64090","Attr Name-AccountName_English","Attr Value-Telephone"
"V","64090","Attr Name-AccountName_Finnish","Attr Value-Puhelin"
"V","64090","Attr Name-AccountName_French","Attr Value-Telephone"
"V","64090","Attr Name-AccountName_German","Attr Value-Telefon"
"V","64090","Attr Name-AccountName_Hungarian","Attr Value-Telefon"
"V","64090","Attr Name-AccountName_Italian","Attr Value-Telefono"
"V","64090","Attr Name-AccountName_Japanese","Attr Value-電話"
"V","64090","Attr Name-AccountName_Korean","Attr Value-전화비"
"V","64090","Attr Name-AccountName_Norwegian","Attr Value-Telefon"
"V","64090","Attr Name-AccountName_Polish","Attr Value-Telefon"
"V","64090","Attr Name-AccountName_Romanian","Attr Value-Telefon"
"V","64090","Attr Name-AccountName_Russian","Attr Value-Телефон"
"V","64090","Attr Name-AccountName_Spanish","Attr Value-Teléfono"
"V","64090","Attr Name-AccountName_Swedish","Attr Value-Telefon"
"V","64090","Attr Name-AccountName_Turkish","Attr Value-Telefon"
"V","64090","Attr Name-Format","Attr Value-b:#,##0;(#,##0)CO|0|Y"
"E","64100","Type-N","Index-22"
"P","64100","Parent-Other Expenses","Type-C","Weight-1"
"V","64100","Attr Name-AccountClass","Attr Value-Expense"
"V","64100","Attr Name-AccountName","Attr Value-Utilities"
"V","64100","Attr Name-AccountName_Brasilian","Attr Value-Utilitários"
"V","64100","Attr Name-AccountName_ChineseSimplified","Attr Value-水电燃气费用"
"V","64100","Attr Name-AccountName_ChineseTraditional","Attr Value-公用事業費"
"V","64100","Attr Name-AccountName_Croatian","Attr Value-Oprema"
"V","64100","Attr Name-AccountName_Czech","Attr Value-Technické vybavení"
"V","64100","Attr Name-AccountName_Danish","Attr Value-Faciliteter"
"V","64100","Attr Name-AccountName_English","Attr Value-Utilities"
"V","64100","Attr Name-AccountName_Finnish","Attr Value-Yleishyödykkeet"
"V","64100","Attr Name-AccountName_French","Attr Value-Frais généraux"
"V","64100","Attr Name-AccountName_German","Attr Value-Energie, Wasser, Strom, Gas"
"V","64100","Attr Name-AccountName_Hungarian","Attr Value-Közművek"
"V","64100","Attr Name-AccountName_Italian","Attr Value-Utenze"
"V","64100","Attr Name-AccountName_Japanese","Attr Value-水道光熱"
"V","64100","Attr Name-AccountName_Korean","Attr Value-공과금"
"V","64100","Attr Name-AccountName_Norwegian","Attr Value-Renovasjon, vann, avløp"
"V","64100","Attr Name-AccountName_Polish","Attr Value-Usługi komunalne"
"V","64100","Attr Name-AccountName_Romanian","Attr Value-Utilităţi"
"V","64100","Attr Name-AccountName_Russian","Attr Value-Коммунальные услуги"
"V","64100","Attr Name-AccountName_Spanish","Attr Value-Utilidades"
"V","64100","Attr Name-AccountName_Swedish","Attr Value-El, gas och vatten"
"V","64100","Attr Name-AccountName_Turkish","Attr Value-Altyapı Hizmetleri"
"V","64100","Attr Name-Format","Attr Value-b:#,##0;(#,##0)CO|0|Y"
"E","65005","Type-N","Index-23"
"P","65005","Parent-Adv & Marketing","Type-C","Weight-1"
"V","65005","Attr Name-AccountClass","Attr Value-Expense"
"V","65005","Attr Name-AccountName","Attr Value-Advertising"
"V","65005","Attr Name-AccountName_Brasilian","Attr Value-Publicidade"
"V","65005","Attr Name-AccountName_ChineseSimplified","Attr Value-广告"
"V","65005","Attr Name-AccountName_ChineseTraditional","Attr Value-廣告"
"V","65005","Attr Name-AccountName_Croatian","Attr Value-Oglašavanje"
"V","65005","Attr Name-AccountName_Czech","Attr Value-Reklama"
"V","65005","Attr Name-AccountName_Danish","Attr Value-Reklame"
"V","65005","Attr Name-AccountName_English","Attr Value-Advertising"
"V","65005","Attr Name-AccountName_Finnish","Attr Value-Mainonta"
"V","65005","Attr Name-AccountName_French","Attr Value-65005"
"V","65005","Attr Name-AccountName_German","Attr Value-65005"
"V","65005","Attr Name-AccountName_Hungarian","Attr Value-Hirdetés"
"V","65005","Attr Name-AccountName_Italian","Attr Value-Pubblicità"
"V","65005","Attr Name-AccountName_Japanese","Attr Value-広告"
"V","65005","Attr Name-AccountName_Korean","Attr Value-광고"
"V","65005","Attr Name-AccountName_Norwegian","Attr Value-Reklame"
"V","65005","Attr Name-AccountName_Polish","Attr Value-Reklama"
"V","65005","Attr Name-AccountName_Romanian","Attr Value-Publicitate"
"V","65005","Attr Name-AccountName_Russian","Attr Value-Реклама"
"V","65005","Attr Name-AccountName_Spanish","Attr Value-Publicidad"
"V","65005","Attr Name-AccountName_Swedish","Attr Value-Reklam"
"V","65005","Attr Name-AccountName_Turkish","Attr Value-Reklam"
"V","65005","Attr Name-Format","Attr Value-b:#,##0;(#,##0)CO|0|Y"
"E","65006","Type-N","Index-24"
"P","65006","Parent-Adv & Marketing","Type-C","Weight-1"
"V","65006","Attr Name-AccountClass","Attr Value-Expense"
"V","65006","Attr Name-AccountName","Attr Value-Web Site"
"V","65006","Attr Name-AccountName_Brasilian","Attr Value-Web Site"
"V","65006","Attr Name-AccountName_ChineseSimplified","Attr Value-网站"
"V","65006","Attr Name-AccountName_ChineseTraditional","Attr Value-網站"
"V","65006","Attr Name-AccountName_Croatian","Attr Value-Web sjedište"
"V","65006","Attr Name-AccountName_Czech","Attr Value-Webová stránka"
"V","65006","Attr Name-AccountName_Danish","Attr Value-Websted"
"V","65006","Attr Name-AccountName_English","Attr Value-Web Site"
"V","65006","Attr Name-AccountName_Finnish","Attr Value-Verkkosivusto"
"V","65006","Attr Name-AccountName_French","Attr Value-65006"
"V","65006","Attr Name-AccountName_German","Attr Value-65006"
"V","65006","Attr Name-AccountName_Hungarian","Attr Value-Webhely"
"V","65006","Attr Name-AccountName_Italian","Attr Value-Sito web"
"V","65006","Attr Name-AccountName_Japanese","Attr Value-Web サイト"
"V","65006","Attr Name-AccountName_Korean","Attr Value-웹 사이트"
"V","65006","Attr Name-AccountName_Norwegian","Attr Value-Websted"
"V","65006","Attr Name-AccountName_Polish","Attr Value-Serwis WWW"
"V","65006","Attr Name-AccountName_Romanian","Attr Value-Site Web"
"V","65006","Attr Name-AccountName_Russian","Attr Value-Веб-сайт"
"V","65006","Attr Name-AccountName_Spanish","Attr Value-Sitio web"
"V","65006","Attr Name-AccountName_Swedish","Attr Value-Webbplats"
"V","65006","Attr Name-AccountName_Turkish","Attr Value-Web Sitesi"
"V","65006","Attr Name-Format","Attr Value-b:#,##0;(#,##0)CO|0|Y"
"E","65015","Type-N","Index-25"
"P","65015","Parent-Adv & Marketing","Type-C","Weight-1"
"V","65015","Attr Name-AccountClass","Attr Value-Expense"
"V","65015","Attr Name-AccountName","Attr Value-Directories & Mailing Lists"
"V","65015","Attr Name-AccountName_Brasilian","Attr Value-Diretórios &amp; Listas de Distribuição"
"V","65015","Attr Name-AccountName_ChineseSimplified","Attr Value-目录与邮寄清单"
"V","65015","Attr Name-AccountName_ChineseTraditional","Attr Value-目錄及郵寄清單"
"V","65015","Attr Name-AccountName_Croatian","Attr Value-Direktoriji i popisi za poštu"
"V","65015","Attr Name-AccountName_Czech","Attr Value-Adresáře &amp; seznamy adres"
"V","65015","Attr Name-AccountName_Danish","Attr Value-Biblioteker og postlister"
"V","65015","Attr Name-AccountName_English","Attr Value-Directories & Mailing Lists"
"V","65015","Attr Name-AccountName_Finnish","Attr Value-Hakemistot ja postituslistat"
"V","65015","Attr Name-AccountName_French","Attr Value-65015"
"V","65015","Attr Name-AccountName_German","Attr Value-65015"
"V","65015","Attr Name-AccountName_Hungarian","Attr Value-Címjegyzékek és levelezőlisták"
"V","65015","Attr Name-AccountName_Italian","Attr Value-Elenchi telefonici e mailing list"
"V","65015","Attr Name-AccountName_Japanese","Attr Value-ディレクトリとメーリング リスト"
"V","65015","Attr Name-AccountName_Korean","Attr Value-안내 책자 및 우편물 수신자 명단"
"V","65015","Attr Name-AccountName_Norwegian","Attr Value-Kataloger & adresselister"
"V","65015","Attr Name-AccountName_Polish","Attr Value-Katalogi i listy adresowe"
"V","65015","Attr Name-AccountName_Romanian","Attr Value-Directoare &amp; Liste de corespondenţă"
"V","65015","Attr Name-AccountName_Russian","Attr Value-Каталоги и почтовые списки"
"V","65015","Attr Name-AccountName_Spanish","Attr Value-Directorios y listas de correo"
"V","65015","Attr Name-AccountName_Swedish","Attr Value-Kataloger och sändlistor"
"V","65015","Attr Name-AccountName_Turkish","Attr Value-Rehberler ve Posta Listeleri"
"V","65015","Attr Name-Format","Attr Value-b:#,##0;(#,##0)CO|0|Y"
"E","65018","Type-N","Index-26"
"P","65018","Parent-Adv & Marketing","Type-C","Weight-1"
"V","65018","Attr Name-AccountClass","Attr Value-Expense"
"V","65018","Attr Name-AccountName","Attr Value-Sales Promotions"
"V","65018","Attr Name-AccountName_Brasilian","Attr Value-Promoções de Vendas"
"V","65018","Attr Name-AccountName_ChineseSimplified","Attr Value-促销"
"V","65018","Attr Name-AccountName_ChineseTraditional","Attr Value-促銷"
"V","65018","Attr Name-AccountName_Croatian","Attr Value-Prodajne promocije"
"V","65018","Attr Name-AccountName_Czech","Attr Value-Propagace prodeje"
"V","65018","Attr Name-AccountName_Danish","Attr Value-Salgskampagner"
"V","65018","Attr Name-AccountName_English","Attr Value-Sales Promotions"
"V","65018","Attr Name-AccountName_Finnish","Attr Value-Myynninedistäminen"
"V","65018","Attr Name-AccountName_French","Attr Value-65018"
"V","65018","Attr Name-AccountName_German","Attr Value-65018"
"V","65018","Attr Name-AccountName_Hungarian","Attr Value-Értékesítési promóciók"
"V","65018","Attr Name-AccountName_Italian","Attr Value-Vendite promozionali"
"V","65018","Attr Name-AccountName_Japanese","Attr Value-販売促進"
"V","65018","Attr Name-AccountName_Korean","Attr Value-판촉"
"V","65018","Attr Name-AccountName_Norwegian","Attr Value-Salgskampanjer"
"V","65018","Attr Name-AccountName_Polish","Attr Value-Promocje"
"V","65018","Attr Name-AccountName_Romanian","Attr Value-Vânzări promoţionale"
"V","65018","Attr Name-AccountName_Russian","Attr Value-Коммерческие рекламные акции"
"V","65018","Attr Name-AccountName_Spanish","Attr Value-Promociones de ventas"
"V","65018","Attr Name-AccountName_Swedish","Attr Value-Säljfrämjande åtgärder"
"V","65018","Attr Name-AccountName_Turkish","Attr Value-Satış Promosyonları"
"V","65018","Attr Name-Format","Attr Value-b:#,##0;(#,##0)CO|0|Y"
"E","65020","Type-N","Index-27"
"P","65020","Parent-Adv & Marketing","Type-C","Weight-1"
"V","65020","Attr Name-AccountClass","Attr Value-Expense"
"V","65020","Attr Name-AccountName","Attr Value-Marketing, Other"
"V","65020","Attr Name-AccountName_Brasilian","Attr Value-Marketing, Outros"
"V","65020","Attr Name-AccountName_ChineseSimplified","Attr Value-营销费用，其他"
"V","65020","Attr Name-AccountName_ChineseTraditional","Attr Value-行銷，其他"
"V","65020","Attr Name-AccountName_Croatian","Attr Value-Marketing, ostalo"
"V","65020","Attr Name-AccountName_Czech","Attr Value-Marketing, další"
"V","65020","Attr Name-AccountName_Danish","Attr Value-Markedsføring, andet"
"V","65020","Attr Name-AccountName_English","Attr Value-Marketing, Other"
"V","65020","Attr Name-AccountName_Finnish","Attr Value-Muu markkinointi"
"V","65020","Attr Name-AccountName_French","Attr Value-65020"
"V","65020","Attr Name-AccountName_German","Attr Value-65020"
"V","65020","Attr Name-AccountName_Hungarian","Attr Value-Marketing, egyéb"
"V","65020","Attr Name-AccountName_Italian","Attr Value-Marketing - Altro"
"V","65020","Attr Name-AccountName_Japanese","Attr Value-企画、その他"
"V","65020","Attr Name-AccountName_Korean","Attr Value-마케팅, 기타"
"V","65020","Attr Name-AccountName_Norwegian","Attr Value-Markedsføring, annet"
"V","65020","Attr Name-AccountName_Polish","Attr Value-Marketing, inne"
"V","65020","Attr Name-AccountName_Romanian","Attr Value-Marketing, altele"
"V","65020","Attr Name-AccountName_Russian","Attr Value-Маркетинг, Прочее"
"V","65020","Attr Name-AccountName_Spanish","Attr Value-Márketing - Otro"
"V","65020","Attr Name-AccountName_Swedish","Attr Value-Marknadsföring, övrigt"
"V","65020","Attr Name-AccountName_Turkish","Attr Value-Pazarlama, Diğer"
"V","65020","Attr Name-Format","Attr Value-b:#,##0;(#,##0)CO|0|Y"
"E","65022","Type-N","Index-28"
"P","65022","Parent-Adv & Marketing","Type-C","Weight-1"
"V","65022","Attr Name-AccountClass","Attr Value-Expense"
"V","65022","Attr Name-AccountName","Attr Value-Direct Marketing"
"V","65022","Attr Name-AccountName_Brasilian","Attr Value-Marketing Direto"
"V","65022","Attr Name-AccountName_ChineseSimplified","Attr Value-直销"
"V","65022","Attr Name-AccountName_ChineseTraditional","Attr Value-直接行銷"
"V","65022","Attr Name-AccountName_Croatian","Attr Value-Izravna prodaja"
"V","65022","Attr Name-AccountName_Czech","Attr Value-Přímý marketing"
"V","65022","Attr Name-AccountName_Danish","Attr Value-Direkte markedsføring"
"V","65022","Attr Name-AccountName_English","Attr Value-Direct Marketing"
"V","65022","Attr Name-AccountName_Finnish","Attr Value-Suoramarkkinointi"
"V","65022","Attr Name-AccountName_French","Attr Value-65022"
"V","65022","Attr Name-AccountName_German","Attr Value-65022"
"V","65022","Attr Name-AccountName_Hungarian","Attr Value-Direkt marketing"
"V","65022","Attr Name-AccountName_Italian","Attr Value-Marketing diretto"
"V","65022","Attr Name-AccountName_Japanese","Attr Value-直接販売"
"V","65022","Attr Name-AccountName_Korean","Attr Value-다이렉트 마케팅"
"V","65022","Attr Name-AccountName_Norwegian","Attr Value-Direkte markedsføring"
"V","65022","Attr Name-AccountName_Polish","Attr Value-Marketing bezpośredni"
"V","65022","Attr Name-AccountName_Romanian","Attr Value-Marketing direct"
"V","65022","Attr Name-AccountName_Russian","Attr Value-Прямой маркетинг"
"V","65022","Attr Name-AccountName_Spanish","Attr Value-Márketing directo"
"V","65022","Attr Name-AccountName_Swedish","Attr Value-Direktförsäljning"
"V","65022","Attr Name-AccountName_Turkish","Attr Value-Doğrudan Pazarlama"
"V","65022","Attr Name-Format","Attr Value-b:#,##0;(#,##0)CO|0|Y"
"E","65035","Type-N","Index-29"
"P","65035","Parent-Adv & Marketing","Type-C","Weight-1"
"V","65035","Attr Name-AccountClass","Attr Value-Expense"
"V","65035","Attr Name-AccountName","Attr Value-Trade Show Expense"
"V","65035","Attr Name-AccountName_Brasilian","Attr Value-Despesas de Feiras"
"V","65035","Attr Name-AccountName_ChineseSimplified","Attr Value-会展费用"
"V","65035","Attr Name-AccountName_ChineseTraditional","Attr Value-貿易展費用"
"V","65035","Attr Name-AccountName_Croatian","Attr Value-Trošak trgovačkih sajmova"
"V","65035","Attr Name-AccountName_Czech","Attr Value-Náklady na obchodní výstavy"
"V","65035","Attr Name-AccountName_Danish","Attr Value-Udgift til handelsmesse"
"V","65035","Attr Name-AccountName_English","Attr Value-Trade Show Expense"
"V","65035","Attr Name-AccountName_Finnish","Attr Value-Messukulut"
"V","65035","Attr Name-AccountName_French","Attr Value-65035"
"V","65035","Attr Name-AccountName_German","Attr Value-65035"
"V","65035","Attr Name-AccountName_Hungarian","Attr Value-Vásár költségek"
"V","65035","Attr Name-AccountName_Italian","Attr Value-Spese per fiere campionarie"
"V","65035","Attr Name-AccountName_Japanese","Attr Value-トレード ショー経費"
"V","65035","Attr Name-AccountName_Korean","Attr Value-무역 박람회 경비"
"V","65035","Attr Name-AccountName_Norwegian","Attr Value-Varemesseutgifter"
"V","65035","Attr Name-AccountName_Polish","Attr Value-Wydatki związane z targami"
"V","65035","Attr Name-AccountName_Romanian","Attr Value-Cheltuială Trade Show Expense"
"V","65035","Attr Name-AccountName_Russian","Attr Value-Расходы на торговые выставки"
"V","65035","Attr Name-AccountName_Spanish","Attr Value-Gastos en ferias comerciales"
"V","65035","Attr Name-AccountName_Swedish","Attr Value-Kostnader för mässor"
"V","65035","Attr Name-AccountName_Turkish","Attr Value-Fuar Masrafı"
"V","65035","Attr Name-Format","Attr Value-b:#,##0;(#,##0)CO|0|Y"
"E","66005","Type-N","Index-30"
"P","66005","Parent-Other Expenses","Type-C","Weight-1"
"V","66005","Attr Name-AccountClass","Attr Value-Expense"
"V","66005","Attr Name-AccountName","Attr Value-Accounting Expense"
"V","66005","Attr Name-AccountName_Brasilian","Attr Value-Despesas Contábeis"
"V","66005","Attr Name-AccountName_ChineseSimplified","Attr Value-会计费用"
"V","66005","Attr Name-AccountName_ChineseTraditional","Attr Value-會計費用"
"V","66005","Attr Name-AccountName_Croatian","Attr Value-Izdaci za knjigovodstvo"
"V","66005","Attr Name-AccountName_Czech","Attr Value-Účetní výdaje"
"V","66005","Attr Name-AccountName_Danish","Attr Value-Regnskabsudgift"
"V","66005","Attr Name-AccountName_English","Attr Value-Accounting Expense"
"V","66005","Attr Name-AccountName_Finnish","Attr Value-Kirjanpitokulut"
"V","66005","Attr Name-AccountName_French","Attr Value-Dépenses de comptabilité"
"V","66005","Attr Name-AccountName_German","Attr Value-Buchhaltungskosten"
"V","66005","Attr Name-AccountName_Hungarian","Attr Value-Számviteli költségek"
"V","66005","Attr Name-AccountName_Italian","Attr Value-Spese di amministrazione"
"V","66005","Attr Name-AccountName_Japanese","Attr Value-会計経費"
"V","66005","Attr Name-AccountName_Korean","Attr Value-회계 비용"
"V","66005","Attr Name-AccountName_Norwegian","Attr Value-Regnskapsutgifter"
"V","66005","Attr Name-AccountName_Polish","Attr Value-Wydatki na księgowość"
"V","66005","Attr Name-AccountName_Romanian","Attr Value-Cheltuieli de contabilitate"
"V","66005","Attr Name-AccountName_Russian","Attr Value-Расходы на бухгалтерию"
"V","66005","Attr Name-AccountName_Spanish","Attr Value-Gasto contable"
"V","66005","Attr Name-AccountName_Swedish","Attr Value-Redovisningskostnader"
"V","66005","Attr Name-AccountName_Turkish","Attr Value-Muhasebe Masrafı"
"V","66005","Attr Name-Format","Attr Value-b:#,##0;(#,##0)CO|0|Y"
"E","66010","Type-N","Index-31"
"P","66010","Parent-Other Expenses","Type-C","Weight-1"
"V","66010","Attr Name-AccountClass","Attr Value-Expense"
"V","66010","Attr Name-AccountName","Attr Value-Legal & Counsulting"
"V","66010","Attr Name-AccountName_Brasilian","Attr Value-Jurídico &amp; Consultoria"
"V","66010","Attr Name-AccountName_ChineseSimplified","Attr Value-法律与咨询费用"
"V","66010","Attr Name-AccountName_ChineseTraditional","Attr Value-法律與諮詢"
"V","66010","Attr Name-AccountName_Croatian","Attr Value-Pravnici i savjetnici"
"V","66010","Attr Name-AccountName_Czech","Attr Value-Právní oddělení &amp; poradenství"
"V","66010","Attr Name-AccountName_Danish","Attr Value-Juridisk rådgivning"
"V","66010","Attr Name-AccountName_English","Attr Value-Legal & Counsulting"
"V","66010","Attr Name-AccountName_Finnish","Attr Value-Lakiasiat ja konsultointi"
"V","66010","Attr Name-AccountName_French","Attr Value-Frais juridiques"
"V","66010","Attr Name-AccountName_German","Attr Value-Rechts- und Beratungskosten"
"V","66010","Attr Name-AccountName_Hungarian","Attr Value-Ügyvédi és tanácsadói költségek"
"V","66010","Attr Name-AccountName_Italian","Attr Value-Spese legali e per consulenze"
"V","66010","Attr Name-AccountName_Japanese","Attr Value-法律とコンサルティング"
"V","66010","Attr Name-AccountName_Korean","Attr Value-법률 및 자문"
"V","66010","Attr Name-AccountName_Norwegian","Attr Value-Juridiske tjenester & konsulenttjenester"
"V","66010","Attr Name-AccountName_Polish","Attr Value-Usługi prawne i konsulting"
"V","66010","Attr Name-AccountName_Romanian","Attr Value-Consultanţă juridică &amp;"
"V","66010","Attr Name-AccountName_Russian","Attr Value-Юридические и консалтинговые услуги"
"V","66010","Attr Name-AccountName_Spanish","Attr Value-Servicios jurídicos y de consultoría"
"V","66010","Attr Name-AccountName_Swedish","Attr Value-Jurist- och konsultkostnader"
"V","66010","Attr Name-AccountName_Turkish","Attr Value-Hukuk ve Danışmanlık"
"V","66010","Attr Name-Format","Attr Value-b:#,##0;(#,##0)CO|0|Y"
"E","67010","Type-N","Index-32"
"P","67010","Parent-Other Expenses","Type-C","Weight-1"
"V","67010","Attr Name-AccountClass","Attr Value-Expense"
"V","67010","Attr Name-AccountName","Attr Value-Repairs, Customer Equipment"
"V","67010","Attr Name-AccountName_Brasilian","Attr Value-Reparos, Equipamento do Cliente"
"V","67010","Attr Name-AccountName_ChineseSimplified","Attr Value-维修 - 顾客设备"
"V","67010","Attr Name-AccountName_ChineseTraditional","Attr Value-維修，客戶設備"
"V","67010","Attr Name-AccountName_Croatian","Attr Value-Popravci, oprema korisnika"
"V","67010","Attr Name-AccountName_Czech","Attr Value-Opravy, vybavení zákazníků"
"V","67010","Attr Name-AccountName_Danish","Attr Value-Reparationer, kundeudstyr"
"V","67010","Attr Name-AccountName_English","Attr Value-Repairs, Customer Equipment"
"V","67010","Attr Name-AccountName_Finnish","Attr Value-Korjaukset, asiakaslaitteisto"
"V","67010","Attr Name-AccountName_French","Attr Value-Réparations et maintance"
"V","67010","Attr Name-AccountName_German","Attr Value-Reparaturen"
"V","67010","Attr Name-AccountName_Hungarian","Attr Value-Javítások, ügyfél felszerelés"
"V","67010","Attr Name-AccountName_Italian","Attr Value-Riparazioni, attrezzatura del cliente"
"V","67010","Attr Name-AccountName_Japanese","Attr Value-修理、顧客機器"
"V","67010","Attr Name-AccountName_Korean","Attr Value-수리, 고객 장비"
"V","67010","Attr Name-AccountName_Norwegian","Attr Value-Reparasjoner, kundeutstyr"
"V","67010","Attr Name-AccountName_Polish","Attr Value-Naprawy, sprzęt klientów"
"V","67010","Attr Name-AccountName_Romanian","Attr Value-Reparaţii, Echipament Client"
"V","67010","Attr Name-AccountName_Russian","Attr Value-Ремонт, Оборудование заказчиков"
"V","67010","Attr Name-AccountName_Spanish","Attr Value-Reparaciones, Equipos de cliente"
"V","67010","Attr Name-AccountName_Swedish","Attr Value-Reparationer, kundutrustning"
"V","67010","Attr Name-AccountName_Turkish","Attr Value-Onarımlar, Müşteri Ekipmanı"
"V","67010","Attr Name-Format","Attr Value-b:#,##0;(#,##0)CO|0|Y"
"E","67015","Type-N","Index-33"
"P","67015","Parent-Other Expenses","Type-C","Weight-1"
"V","67015","Attr Name-AccountClass","Attr Value-Expense"
"V","67015","Attr Name-AccountName","Attr Value-IT Expense"
"V","67015","Attr Name-AccountName_Brasilian","Attr Value-Despesas de TI"
"V","67015","Attr Name-AccountName_ChineseSimplified","Attr Value-IT 费用"
"V","67015","Attr Name-AccountName_ChineseTraditional","Attr Value-IT 費用"
"V","67015","Attr Name-AccountName_Croatian","Attr Value-IT izdatak"
"V","67015","Attr Name-AccountName_Czech","Attr Value-Náklady na IT"
"V","67015","Attr Name-AccountName_Danish","Attr Value-IT-udgift"
"V","67015","Attr Name-AccountName_English","Attr Value-IT Expense"
"V","67015","Attr Name-AccountName_Finnish","Attr Value-IT-kulut"
"V","67015","Attr Name-AccountName_French","Attr Value-Informatique"
"V","67015","Attr Name-AccountName_German","Attr Value-IT"
"V","67015","Attr Name-AccountName_Hungarian","Attr Value-IT költségek"
"V","67015","Attr Name-AccountName_Italian","Attr Value-Spese per tecnologie informatiche"
"V","67015","Attr Name-AccountName_Japanese","Attr Value-IT 経費"
"V","67015","Attr Name-AccountName_Korean","Attr Value-IT 경비"
"V","67015","Attr Name-AccountName_Norwegian","Attr Value-IT-utgifter"
"V","67015","Attr Name-AccountName_Polish","Attr Value-Wydatki związane z IT"
"V","67015","Attr Name-AccountName_Romanian","Attr Value-Cheltuieli IT"
"V","67015","Attr Name-AccountName_Russian","Attr Value-Расходы на ИТ"
"V","67015","Attr Name-AccountName_Spanish","Attr Value-Gastos informáticos"
"V","67015","Attr Name-AccountName_Swedish","Attr Value-IT-kostnader"
"V","67015","Attr Name-AccountName_Turkish","Attr Value-BT Masrafı"
"V","67015","Attr Name-Format","Attr Value-b:#,##0;(#,##0)CO|0|Y"
"E","Adv & Marketing","Type-C","Index-34"
"P","Adv & Marketing","Parent-Operating Expense","Type-C","Weight-1"
"V","Adv & Marketing","Attr Name-AccountClass","Attr Value-Expense"
"V","Adv & Marketing","Attr Name-AccountName","Attr Value-Adv & Marketing"
"V","Adv & Marketing","Attr Name-AccountName_Brasilian","Attr Value-Propaganda e Marketing"
"V","Adv & Marketing","Attr Name-AccountName_ChineseSimplified","Attr Value-广告与营销"
"V","Adv & Marketing","Attr Name-AccountName_ChineseTraditional","Attr Value-廣告與行銷"
"V","Adv & Marketing","Attr Name-AccountName_Croatian","Attr Value-Oglasi i marketing"
"V","Adv & Marketing","Attr Name-AccountName_Czech","Attr Value-Reklama &amp; marketing"
"V","Adv & Marketing","Attr Name-AccountName_Danish","Attr Value-Rekl. og markedsf."
"V","Adv & Marketing","Attr Name-AccountName_English","Attr Value-Adv & Marketing"
"V","Adv & Marketing","Attr Name-AccountName_Finnish","Attr Value-Mainostus ja markkinointi"
"V","Adv & Marketing","Attr Name-AccountName_French","Attr Value-Adv & Marketing"
"V","Adv & Marketing","Attr Name-AccountName_German","Attr Value-Adv & Marketing"
"V","Adv & Marketing","Attr Name-AccountName_Hungarian","Attr Value-Hirdetés és marketing"
"V","Adv & Marketing","Attr Name-AccountName_Italian","Attr Value-Pubblicità e marketing"
"V","Adv & Marketing","Attr Name-AccountName_Japanese","Attr Value-広告と企画"
"V","Adv & Marketing","Attr Name-AccountName_Korean","Attr Value-광고 및 마케팅"
"V","Adv & Marketing","Attr Name-AccountName_Norwegian","Attr Value-Reklame & markedsføring"
"V","Adv & Marketing","Attr Name-AccountName_Polish","Attr Value-Reklama i marketing"
"V","Adv & Marketing","Attr Name-AccountName_Romanian","Attr Value-Publicitate &amp; Marketing"
"V","Adv & Marketing","Attr Name-AccountName_Russian","Attr Value-Реклама и маркетинг"
"V","Adv & Marketing","Attr Name-AccountName_Spanish","Attr Value-Publicidad y Márketing"
"V","Adv & Marketing","Attr Name-AccountName_Swedish","Attr Value-Reklam och marknadsföring"
"V","Adv & Marketing","Attr Name-AccountName_Turkish","Attr Value-Reklam ve Pazarlama"
"V","Adv & Marketing","Attr Name-Format","Attr Value-b:#,##0;(#,##0)CO|0|Y"
"V","Adv & Marketing","Attr Name-FormatGroup","Attr Value-Subtotal1"
"E","COS","Type-C","Index-35"
"P","COS","Parent-Net Operating Income","Type-C","Weight--1"
"V","COS","Attr Name-AccountClass","Attr Value-Expense"
"V","COS","Attr Name-AccountName","Attr Value-COS"
"V","COS","Attr Name-AccountName_Brasilian","Attr Value-CUS"
"V","COS","Attr Name-AccountName_ChineseSimplified","Attr Value-COS（销售成本）"
"V","COS","Attr Name-AccountName_Czech","Attr Value-Náklady na služby"
"V","COS","Attr Name-AccountName_English","Attr Value-COS"
"V","COS","Attr Name-AccountName_Finnish","Attr Value-Myyntikulut"
"V","COS","Attr Name-AccountName_French","Attr Value-Coût des ventes"
"V","COS","Attr Name-AccountName_German","Attr Value-Herstellkosten"
"V","COS","Attr Name-AccountName_Italian","Attr Value-Costi delle vendite"
"V","COS","Attr Name-AccountName_Japanese","Attr Value-COS (積み出し払い)"
"V","COS","Attr Name-AccountName_Norwegian","Attr Value-Salgskostnader"
"V","COS","Attr Name-AccountName_Spanish","Attr Value-Coste de ventas"
"V","COS","Attr Name-AccountName_Swedish","Attr Value-Kostnad för sålda varor"
"V","COS","Attr Name-AccountName_Turkish","Attr Value-Satışların Maliyeti"
"V","COS","Attr Name-Format","Attr Value-b:#,##0;(#,##0)CO|0|Y"
"V","COS","Attr Name-FormatGroup","Attr Value-Subtotal2"
"E","Depr & Amort","Type-C","Index-36"
"P","Depr & Amort","Parent-Operating Expense","Type-C","Weight-1"
"V","Depr & Amort","Attr Name-AccountClass","Attr Value-Expense"
"V","Depr & Amort","Attr Name-AccountName","Attr Value-Depr & Amort"
"V","Depr & Amort","Attr Name-AccountName_Brasilian","Attr Value-Deprec e Amort"
"V","Depr & Amort","Attr Name-AccountName_ChineseSimplified","Attr Value-折旧与摊销"
"V","Depr & Amort","Attr Name-AccountName_ChineseTraditional","Attr Value-折舊與攤銷"
"V","Depr & Amort","Attr Name-AccountName_Croatian","Attr Value-Umanj. i amort."
"V","Depr & Amort","Attr Name-AccountName_Czech","Attr Value-Odpisy &amp; amortizace"
"V","Depr & Amort","Attr Name-AccountName_Danish","Attr Value-Afskr. og amort."
"V","Depr & Amort","Attr Name-AccountName_English","Attr Value-Depr & Amort"
"V","Depr & Amort","Attr Name-AccountName_Finnish","Attr Value-Poistot ja lyhennykset"
"V","Depr & Amort","Attr Name-AccountName_French","Attr Value-Total amortissements"
"V","Depr & Amort","Attr Name-AccountName_German","Attr Value-Abschreigungen gesamt"
"V","Depr & Amort","Attr Name-AccountName_Hungarian","Attr Value-Értékcsök. és amort."
"V","Depr & Amort","Attr Name-AccountName_Italian","Attr Value-Ammortamento e deprezzamento"
"V","Depr & Amort","Attr Name-AccountName_Japanese","Attr Value-減価と償却"
"V","Depr & Amort","Attr Name-AccountName_Korean","Attr Value-감가상각비 및 할부상환"
"V","Depr & Amort","Attr Name-AccountName_Norwegian","Attr Value-Av- og nedskrivning"
"V","Depr & Amort","Attr Name-AccountName_Polish","Attr Value-Amortyzacja i umorzenia"
"V","Depr & Amort","Attr Name-AccountName_Romanian","Attr Value-Depr &amp; Amort"
"V","Depr & Amort","Attr Name-AccountName_Russian","Attr Value-Уценка и амортизация"
"V","Depr & Amort","Attr Name-AccountName_Spanish","Attr Value-Depreciación y amortización"
"V","Depr & Amort","Attr Name-AccountName_Swedish","Attr Value-Amorteringar och avskrivningar"
"V","Depr & Amort","Attr Name-AccountName_Turkish","Attr Value-Maddi Duran Varlıklar ve Maddi Olmayan Duran Varlıklar Amortismanı"
"V","Depr & Amort","Attr Name-Format","Attr Value-b:#,##0;(#,##0)CO|0|Y"
"V","Depr & Amort","Attr Name-FormatGroup","Attr Value-Subtotal1"
"E","Net Operating Income","Type-C","Index-37"
"V","Net Operating Income","Attr Name-AccountClass","Attr Value-Expense"
"V","Net Operating Income","Attr Name-AccountName","Attr Value-Net Operating Income"
"V","Net Operating Income","Attr Name-AccountName_Brasilian","Attr Value-Receita Operacional Líquida"
"V","Net Operating Income","Attr Name-AccountName_ChineseSimplified","Attr Value-净经营收入"
"V","Net Operating Income","Attr Name-AccountName_ChineseTraditional","Attr Value-淨營業收入"
"V","Net Operating Income","Attr Name-AccountName_Croatian","Attr Value-Neto operativni prihod"
"V","Net Operating Income","Attr Name-AccountName_Czech","Attr Value-Čistí provozní zisk"
"V","Net Operating Income","Attr Name-AccountName_Danish","Attr Value-Netto driftsindtægt"
"V","Net Operating Income","Attr Name-AccountName_English","Attr Value-Net Operating Income"
"V","Net Operating Income","Attr Name-AccountName_Finnish","Attr Value-Liikevoitto"
"V","Net Operating Income","Attr Name-AccountName_French","Attr Value-Résultat d'exploitation net"
"V","Net Operating Income","Attr Name-AccountName_German","Attr Value-Netto-Ergebnis"
"V","Net Operating Income","Attr Name-AccountName_Hungarian","Attr Value-Hálózatüzemeltetési bevétel"
"V","Net Operating Income","Attr Name-AccountName_Italian","Attr Value-Utile netto di esercizio"
"V","Net Operating Income","Attr Name-AccountName_Japanese","Attr Value-純営業収入"
"V","Net Operating Income","Attr Name-AccountName_Korean","Attr Value-순영업 수입"
"V","Net Operating Income","Attr Name-AccountName_Norwegian","Attr Value-Netto driftsresultat"
"V","Net Operating Income","Attr Name-AccountName_Polish","Attr Value-Dochód netto z działalności operacyjnej"
"V","Net Operating Income","Attr Name-AccountName_Romanian","Attr Value-Venit net operaţional"
"V","Net Operating Income","Attr Name-AccountName_Russian","Attr Value-Чистая оперативная прибыль"
"V","Net Operating Income","Attr Name-AccountName_Spanish","Attr Value-Rendimiento neto de explotación"
"V","Net Operating Income","Attr Name-AccountName_Swedish","Attr Value-Rörelseresultat netto"
"V","Net Operating Income","Attr Name-AccountName_Turkish","Attr Value-Net Faaliyet Geliri"
"V","Net Operating Income","Attr Name-Format","Attr Value-b:#,##0;(#,##0)CO|0|Y"
"V","Net Operating Income","Attr Name-FormatGroup","Attr Value-Total"
"E","Operating Expense","Type-C","Index-38"
"P","Operating Expense","Parent-Net Operating Income","Type-C","Weight--1"
"V","Operating Expense","Attr Name-AccountClass","Attr Value-Expense"
"V","Operating Expense","Attr Name-AccountName","Attr Value-Operating Expense"
"V","Operating Expense","Attr Name-AccountName_Brasilian","Attr Value-Despesas Operacionais"
"V","Operating Expense","Attr Name-AccountName_ChineseSimplified","Attr Value-运营费用"
"V","Operating Expense","Attr Name-AccountName_ChineseTraditional","Attr Value-營業費用"
"V","Operating Expense","Attr Name-AccountName_Croatian","Attr Value-Operativni troškovi"
"V","Operating Expense","Attr Name-AccountName_Czech","Attr Value-Provozní náklady"
"V","Operating Expense","Attr Name-AccountName_Danish","Attr Value-Driftsudgift"
"V","Operating Expense","Attr Name-AccountName_English","Attr Value-Operating Expense"
"V","Operating Expense","Attr Name-AccountName_Finnish","Attr Value-Käyttökulut"
"V","Operating Expense","Attr Name-AccountName_French","Attr Value-Dépenses d'exploitation"
"V","Operating Expense","Attr Name-AccountName_German","Attr Value-Aufwand"
"V","Operating Expense","Attr Name-AccountName_Hungarian","Attr Value-Üzemeltetési költség"
"V","Operating Expense","Attr Name-AccountName_Italian","Attr Value-Costi di esercizio"
"V","Operating Expense","Attr Name-AccountName_Japanese","Attr Value-営業経費"
"V","Operating Expense","Attr Name-AccountName_Korean","Attr Value-영업 경비"
"V","Operating Expense","Attr Name-AccountName_Norwegian","Attr Value-Driftsutgifter"
"V","Operating Expense","Attr Name-AccountName_Polish","Attr Value-Wydatki na działalność operacyjną"
"V","Operating Expense","Attr Name-AccountName_Romanian","Attr Value-Cheltuieli operaţionale"
"V","Operating Expense","Attr Name-AccountName_Russian","Attr Value-Оперативные расходы"
"V","Operating Expense","Attr Name-AccountName_Spanish","Attr Value-Gastos de operación"
"V","Operating Expense","Attr Name-AccountName_Swedish","Attr Value-Rörelsekostnader"
"V","Operating Expense","Attr Name-AccountName_Turkish","Attr Value-Faaliyet Masrafı"
"V","Operating Expense","Attr Name-Format","Attr Value-b:#,##0;(#,##0)CO|0|Y"
"V","Operating Expense","Attr Name-FormatGroup","Attr Value-Subtotal2"
"E","Other Expenses","Type-C","Index-39"
"P","Other Expenses","Parent-Operating Expense","Type-C","Weight-1"
"V","Other Expenses","Attr Name-AccountClass","Attr Value-Expense"
"V","Other Expenses","Attr Name-AccountName","Attr Value-Other Expenses"
"V","Other Expenses","Attr Name-AccountName_Brasilian","Attr Value-Outras Despesas"
"V","Other Expenses","Attr Name-AccountName_ChineseSimplified","Attr Value-其他费用"
"V","Other Expenses","Attr Name-AccountName_ChineseTraditional","Attr Value-其他費用"
"V","Other Expenses","Attr Name-AccountName_Croatian","Attr Value-Ostali izdaci"
"V","Other Expenses","Attr Name-AccountName_Czech","Attr Value-Další náklady"
"V","Other Expenses","Attr Name-AccountName_Danish","Attr Value-Andre udgifter"
"V","Other Expenses","Attr Name-AccountName_English","Attr Value-Other Expenses"
"V","Other Expenses","Attr Name-AccountName_Finnish","Attr Value-Muut kulut"
"V","Other Expenses","Attr Name-AccountName_French","Attr Value-Autres dépenses"
"V","Other Expenses","Attr Name-AccountName_German","Attr Value-sonstige Kosten"
"V","Other Expenses","Attr Name-AccountName_Italian","Attr Value-Altre spese"
"V","Other Expenses","Attr Name-AccountName_Japanese","Attr Value-その他の経費"
"V","Other Expenses","Attr Name-AccountName_Norwegian","Attr Value-Andre utgifter"
"V","Other Expenses","Attr Name-AccountName_Polish","Attr Value-Inne wydatki"
"V","Other Expenses","Attr Name-AccountName_Romanian","Attr Value-Alte cheltuieli"
"V","Other Expenses","Attr Name-AccountName_Russian","Attr Value-Прочие расходы"
"V","Other Expenses","Attr Name-AccountName_Spanish","Attr Value-Otros gastos"
"V","Other Expenses","Attr Name-AccountName_Turkish","Attr Value-Diğer Masraflar"
"V","Other Expenses","Attr Name-Format","Attr Value-b:#,##0;(#,##0)CO|0|Y"
"V","Other Expenses","Attr Name-FormatGroup","Attr Value-Subtotal1"
"E","Payroll","Type-C","Index-40"
"P","Payroll","Parent-Operating Expense","Type-C","Weight-1"
"V","Payroll","Attr Name-AccountClass","Attr Value-Expense"
"V","Payroll","Attr Name-AccountName","Attr Value-Payroll"
"V","Payroll","Attr Name-AccountName_Brasilian","Attr Value-Folha de Pagamento"
"V","Payroll","Attr Name-AccountName_ChineseSimplified","Attr Value-工资总额"
"V","Payroll","Attr Name-AccountName_ChineseTraditional","Attr Value-薪資"
"V","Payroll","Attr Name-AccountName_Croatian","Attr Value-Osobni dohoci"
"V","Payroll","Attr Name-AccountName_Czech","Attr Value-Mzda"
"V","Payroll","Attr Name-AccountName_Danish","Attr Value-Lønudgifter"
"V","Payroll","Attr Name-AccountName_English","Attr Value-Payroll"
"V","Payroll","Attr Name-AccountName_Finnish","Attr Value-Palkanlaskenta"
"V","Payroll","Attr Name-AccountName_French","Attr Value-Masse salariale"
"V","Payroll","Attr Name-AccountName_German","Attr Value-Personalaufwand"
"V","Payroll","Attr Name-AccountName_Hungarian","Attr Value-Munkabér"
"V","Payroll","Attr Name-AccountName_Italian","Attr Value-Busa paga"
"V","Payroll","Attr Name-AccountName_Japanese","Attr Value-給与"
"V","Payroll","Attr Name-AccountName_Korean","Attr Value-급여"
"V","Payroll","Attr Name-AccountName_Norwegian","Attr Value-Lønn"
"V","Payroll","Attr Name-AccountName_Polish","Attr Value-Płace"
"V","Payroll","Attr Name-AccountName_Romanian","Attr Value-Salarizare"
"V","Payroll","Attr Name-AccountName_Russian","Attr Value-Зарплата"
"V","Payroll","Attr Name-AccountName_Spanish","Attr Value-Nómina"
"V","Payroll","Attr Name-AccountName_Swedish","Attr Value-Personalkostnader"
"V","Payroll","Attr Name-AccountName_Turkish","Attr Value-Bordro"
"V","Payroll","Attr Name-Format","Attr Value-b:#,##0;(#,##0)CO|0|Y"
"V","Payroll","Attr Name-FormatGroup","Attr Value-Subtotal1"
"E","Revenue","Type-C","Index-41"
"P","Revenue","Parent-Net Operating Income","Type-C","Weight-1"
"V","Revenue","Attr Name-AccountClass","Attr Value-Revenue"
"V","Revenue","Attr Name-AccountName","Attr Value-Revenue"
"V","Revenue","Attr Name-AccountName_Brasilian","Attr Value-Receita"
"V","Revenue","Attr Name-AccountName_ChineseSimplified","Attr Value-收入"
"V","Revenue","Attr Name-AccountName_ChineseTraditional","Attr Value-收入"
"V","Revenue","Attr Name-AccountName_Croatian","Attr Value-Prihod"
"V","Revenue","Attr Name-AccountName_Czech","Attr Value-Výnos"
"V","Revenue","Attr Name-AccountName_Danish","Attr Value-Indtægt"
"V","Revenue","Attr Name-AccountName_English","Attr Value-Revenue"
"V","Revenue","Attr Name-AccountName_Finnish","Attr Value-Tuotto"
"V","Revenue","Attr Name-AccountName_French","Attr Value-Chiffre d'affaires"
"V","Revenue","Attr Name-AccountName_German","Attr Value-Umsatzerlöse"
"V","Revenue","Attr Name-AccountName_Hungarian","Attr Value-Árbevétel"
"V","Revenue","Attr Name-AccountName_Italian","Attr Value-Entrate"
"V","Revenue","Attr Name-AccountName_Japanese","Attr Value-収益"
"V","Revenue","Attr Name-AccountName_Korean","Attr Value-수익"
"V","Revenue","Attr Name-AccountName_Norwegian","Attr Value-Inntekt"
"V","Revenue","Attr Name-AccountName_Polish","Attr Value-Przychód"
"V","Revenue","Attr Name-AccountName_Romanian","Attr Value-Venit"
"V","Revenue","Attr Name-AccountName_Russian","Attr Value-Revenue (Доходы)"
"V","Revenue","Attr Name-AccountName_Spanish","Attr Value-Ingreso"
"V","Revenue","Attr Name-AccountName_Swedish","Attr Value-Intäkter"
"V","Revenue","Attr Name-AccountName_Turkish","Attr Value-Gelir"
"V","Revenue","Attr Name-Format","Attr Value-b:#,##0;(#,##0)CO|0|Y"
"V","Revenue","Attr Name-FormatGroup","Attr Value-Subtotal2"
"E","Travel","Type-C","Index-42"
"P","Travel","Parent-Operating Expense","Type-C","Weight-1"
"V","Travel","Attr Name-AccountClass","Attr Value-Expense"
"V","Travel","Attr Name-AccountName","Attr Value-Travel"
"V","Travel","Attr Name-AccountName_Brasilian","Attr Value-Viagem"
"V","Travel","Attr Name-AccountName_ChineseSimplified","Attr Value-差旅费"
"V","Travel","Attr Name-AccountName_ChineseTraditional","Attr Value-差旅"
"V","Travel","Attr Name-AccountName_Croatian","Attr Value-Putovanja"
"V","Travel","Attr Name-AccountName_Czech","Attr Value-Cestovné"
"V","Travel","Attr Name-AccountName_Danish","Attr Value-Rejse"
"V","Travel","Attr Name-AccountName_English","Attr Value-Travel"
"V","Travel","Attr Name-AccountName_Finnish","Attr Value-Matkakulut"
"V","Travel","Attr Name-AccountName_French","Attr Value-Voyages"
"V","Travel","Attr Name-AccountName_German","Attr Value-Reisekosten"
"V","Travel","Attr Name-AccountName_Hungarian","Attr Value-Utazás"
"V","Travel","Attr Name-AccountName_Italian","Attr Value-Viaggi"
"V","Travel","Attr Name-AccountName_Japanese","Attr Value-出張"
"V","Travel","Attr Name-AccountName_Korean","Attr Value-여행"
"V","Travel","Attr Name-AccountName_Norwegian","Attr Value-Reise"
"V","Travel","Attr Name-AccountName_Polish","Attr Value-Podróże"
"V","Travel","Attr Name-AccountName_Romanian","Attr Value-Deplasare"
"V","Travel","Attr Name-AccountName_Russian","Attr Value-Командировки"
"V","Travel","Attr Name-AccountName_Spanish","Attr Value-Viaje"
"V","Travel","Attr Name-AccountName_Swedish","Attr Value-Resor"
"V","Travel","Attr Name-AccountName_Turkish","Attr Value-Seyahat"
"V","Travel","Attr Name-Format","Attr Value-b:#,##0;(#,##0)CO|0|Y"
"V","Travel","Attr Name-FormatGroup","Attr Value-Subtotal1"
