"Export from dimension Hierarchy: plan_time:plan_time, all elements in index order. Total elements=52"
"plan_time","plan_time"
"Sort parameters :","BYNAME","","ASCENDING",""
"Reserved"
"Line_Type","Element","Value_1","Value_2","Value_3"
"A","Time","AA"
"A","Time_Brasilian","AA"
"A","Time_ChineseSimplified","AA"
"A","Time_ChineseTraditional","AA"
"A","Time_Croatian","AA"
"A","Time_Czech","AA"
"A","Time_Danish","AA"
"A","Time_English","AA"
"A","Time_Finnish","AA"
"A","Time_French","AA"
"A","Time_German","AA"
"A","Time_Hungarian","AA"
"A","Time_Italian","AA"
"A","Time_Japanese","AA"
"A","Time_Korean","AA"
"A","Time_Norwegian","AA"
"A","Time_Polish","AA"
"A","Time_Romanian","AA"
"A","Time_Russian","AA"
"A","Time_Spanish","AA"
"A","Time_Swedish","AA"
"A","Time_Turkish","AA"
"E","2003","Type-C","Index-1"
"V","2003","Attr Name-Time","Attr Value-2003"
"V","2003","Attr Name-Time_English","Attr Value-2003"
"V","2003","Attr Name-Time_French","Attr Value-2003"
"V","2003","Attr Name-Time_German","Attr Value-2003"
"E","2004","Type-C","Index-2"
"V","2004","Attr Name-Time","Attr Value-2004"
"V","2004","Attr Name-Time_English","Attr Value-2004"
"V","2004","Attr Name-Time_French","Attr Value-2004"
"V","2004","Attr Name-Time_German","Attr Value-2004"
"E","2005","Type-C","Index-3"
"V","2005","Attr Name-Time","Attr Value-2005"
"V","2005","Attr Name-Time_English","Attr Value-2005"
"V","2005","Attr Name-Time_French","Attr Value-2005"
"V","2005","Attr Name-Time_German","Attr Value-2005"
"E","Apr-2003","Type-N","Index-4"
"P","Apr-2003","Parent-Q2-2003","Type-C","Weight-1"
"V","Apr-2003","Attr Name-Time","Attr Value-Apr-2003"
"V","Apr-2003","Attr Name-Time_Brasilian","Attr Value-Abr-03"
"V","Apr-2003","Attr Name-Time_ChineseSimplified","Attr Value-03年4月"
"V","Apr-2003","Attr Name-Time_Croatian","Attr Value-Tra-03"
"V","Apr-2003","Attr Name-Time_Czech","Attr Value-Dub-03"
"V","Apr-2003","Attr Name-Time_Danish","Attr Value-Apr-03"
"V","Apr-2003","Attr Name-Time_English","Attr Value-Apr-2003"
"V","Apr-2003","Attr Name-Time_Finnish","Attr Value-Huhti-03"
"V","Apr-2003","Attr Name-Time_French","Attr Value-Avr-2003"
"V","Apr-2003","Attr Name-Time_German","Attr Value-Apr. 2003"
"V","Apr-2003","Attr Name-Time_Hungarian","Attr Value-Apr-03"
"V","Apr-2003","Attr Name-Time_Italian","Attr Value-Apr-03"
"V","Apr-2003","Attr Name-Time_Japanese","Attr Value-2003 年 4 月"
"V","Apr-2003","Attr Name-Time_Korean","Attr Value-4월-03"
"V","Apr-2003","Attr Name-Time_Norwegian","Attr Value-Apr-03"
"V","Apr-2003","Attr Name-Time_Polish","Attr Value-Kwi-03"
"V","Apr-2003","Attr Name-Time_Romanian","Attr Value-Apr-03"
"V","Apr-2003","Attr Name-Time_Russian","Attr Value-Апр-03"
"V","Apr-2003","Attr Name-Time_Spanish","Attr Value-Abr-03"
"V","Apr-2003","Attr Name-Time_Swedish","Attr Value-Apr-03"
"V","Apr-2003","Attr Name-Time_Turkish","Attr Value-Nis-03"
"E","Apr-2004","Type-N","Index-5"
"P","Apr-2004","Parent-Q2-2004","Type-C","Weight-1"
"V","Apr-2004","Attr Name-Time","Attr Value-Apr-2004"
"V","Apr-2004","Attr Name-Time_Brasilian","Attr Value-Abr-04"
"V","Apr-2004","Attr Name-Time_ChineseSimplified","Attr Value-04年4月"
"V","Apr-2004","Attr Name-Time_Croatian","Attr Value-Tra-04"
"V","Apr-2004","Attr Name-Time_Czech","Attr Value-Dub-04"
"V","Apr-2004","Attr Name-Time_Danish","Attr Value-Apr-04"
"V","Apr-2004","Attr Name-Time_English","Attr Value-Apr-2004"
"V","Apr-2004","Attr Name-Time_Finnish","Attr Value-Huhti-04"
"V","Apr-2004","Attr Name-Time_French","Attr Value-Avr-2004"
"V","Apr-2004","Attr Name-Time_German","Attr Value-Apr. 2004"
"V","Apr-2004","Attr Name-Time_Hungarian","Attr Value-Apr-04"
"V","Apr-2004","Attr Name-Time_Italian","Attr Value-Apr-04"
"V","Apr-2004","Attr Name-Time_Japanese","Attr Value-2004 年 41 月"
"V","Apr-2004","Attr Name-Time_Korean","Attr Value-4월-04"
"V","Apr-2004","Attr Name-Time_Norwegian","Attr Value-Apr-04"
"V","Apr-2004","Attr Name-Time_Polish","Attr Value-Kwi-04"
"V","Apr-2004","Attr Name-Time_Romanian","Attr Value-Apr-04"
"V","Apr-2004","Attr Name-Time_Russian","Attr Value-Апр-04"
"V","Apr-2004","Attr Name-Time_Spanish","Attr Value-Abr-04"
"V","Apr-2004","Attr Name-Time_Swedish","Attr Value-Apr-04"
"V","Apr-2004","Attr Name-Time_Turkish","Attr Value-Nis-04"
"E","Apr-2005","Type-N","Index-6"
"P","Apr-2005","Parent-Q2-2005","Type-C","Weight-1"
"V","Apr-2005","Attr Name-Time","Attr Value-Apr-2005"
"V","Apr-2005","Attr Name-Time_Brasilian","Attr Value-Abr-05"
"V","Apr-2005","Attr Name-Time_ChineseSimplified","Attr Value-05年4月"
"V","Apr-2005","Attr Name-Time_Croatian","Attr Value-Tra-05"
"V","Apr-2005","Attr Name-Time_Czech","Attr Value-Dub-05"
"V","Apr-2005","Attr Name-Time_Danish","Attr Value-Apr-05"
"V","Apr-2005","Attr Name-Time_English","Attr Value-Apr-2005"
"V","Apr-2005","Attr Name-Time_Finnish","Attr Value-Huhti-05"
"V","Apr-2005","Attr Name-Time_French","Attr Value-Avr-2005"
"V","Apr-2005","Attr Name-Time_German","Attr Value-Apr. 2005"
"V","Apr-2005","Attr Name-Time_Hungarian","Attr Value-Apr-05"
"V","Apr-2005","Attr Name-Time_Italian","Attr Value-Apr-05"
"V","Apr-2005","Attr Name-Time_Japanese","Attr Value-2005 年 4 月"
"V","Apr-2005","Attr Name-Time_Korean","Attr Value-4월-05"
"V","Apr-2005","Attr Name-Time_Norwegian","Attr Value-Apr-05"
"V","Apr-2005","Attr Name-Time_Polish","Attr Value-Kwi-05"
"V","Apr-2005","Attr Name-Time_Romanian","Attr Value-Apr-05"
"V","Apr-2005","Attr Name-Time_Russian","Attr Value-Апр-05"
"V","Apr-2005","Attr Name-Time_Spanish","Attr Value-Abr.-05"
"V","Apr-2005","Attr Name-Time_Swedish","Attr Value-Apr-05"
"V","Apr-2005","Attr Name-Time_Turkish","Attr Value-Nis-05"
"E","Aug-2003","Type-N","Index-7"
"P","Aug-2003","Parent-Q3-2003","Type-C","Weight-1"
"V","Aug-2003","Attr Name-Time","Attr Value-Aug-2003"
"V","Aug-2003","Attr Name-Time_Brasilian","Attr Value-Ago-03"
"V","Aug-2003","Attr Name-Time_ChineseSimplified","Attr Value-03年8月"
"V","Aug-2003","Attr Name-Time_Croatian","Attr Value-Kol-03"
"V","Aug-2003","Attr Name-Time_Danish","Attr Value-Aug-03"
"V","Aug-2003","Attr Name-Time_English","Attr Value-Aug-2003"
"V","Aug-2003","Attr Name-Time_Finnish","Attr Value-Elo-03"
"V","Aug-2003","Attr Name-Time_French","Attr Value-Aoû-2003"
"V","Aug-2003","Attr Name-Time_German","Attr Value-Aug. 2003"
"V","Aug-2003","Attr Name-Time_Hungarian","Attr Value-Aug-03"
"V","Aug-2003","Attr Name-Time_Italian","Attr Value-Ago-03"
"V","Aug-2003","Attr Name-Time_Japanese","Attr Value-2003 年 8 月"
"V","Aug-2003","Attr Name-Time_Korean","Attr Value-8월-03"
"V","Aug-2003","Attr Name-Time_Norwegian","Attr Value-Aug-03"
"V","Aug-2003","Attr Name-Time_Polish","Attr Value-Sie-03"
"V","Aug-2003","Attr Name-Time_Romanian","Attr Value-Aug-03"
"V","Aug-2003","Attr Name-Time_Russian","Attr Value-Авг-03"
"V","Aug-2003","Attr Name-Time_Spanish","Attr Value-Ago-03"
"V","Aug-2003","Attr Name-Time_Swedish","Attr Value-Aug-03"
"V","Aug-2003","Attr Name-Time_Turkish","Attr Value-Ağu-03"
"E","Aug-2004","Type-N","Index-8"
"P","Aug-2004","Parent-Q3-2004","Type-C","Weight-1"
"V","Aug-2004","Attr Name-Time","Attr Value-Aug-2004"
"V","Aug-2004","Attr Name-Time_Brasilian","Attr Value-Ago-04"
"V","Aug-2004","Attr Name-Time_ChineseSimplified","Attr Value-04年8月"
"V","Aug-2004","Attr Name-Time_Croatian","Attr Value-Kol-04"
"V","Aug-2004","Attr Name-Time_Danish","Attr Value-Aug-04"
"V","Aug-2004","Attr Name-Time_English","Attr Value-Aug-2004"
"V","Aug-2004","Attr Name-Time_Finnish","Attr Value-Elo-04"
"V","Aug-2004","Attr Name-Time_French","Attr Value-Aoû-2004"
"V","Aug-2004","Attr Name-Time_German","Attr Value-Aug. 2004"
"V","Aug-2004","Attr Name-Time_Hungarian","Attr Value-Aug-04"
"V","Aug-2004","Attr Name-Time_Italian","Attr Value-Ago-04"
"V","Aug-2004","Attr Name-Time_Japanese","Attr Value-2004 年 8 月"
"V","Aug-2004","Attr Name-Time_Korean","Attr Value-8월-04"
"V","Aug-2004","Attr Name-Time_Norwegian","Attr Value-Aug-04"
"V","Aug-2004","Attr Name-Time_Polish","Attr Value-Sie-04"
"V","Aug-2004","Attr Name-Time_Romanian","Attr Value-Aug-04"
"V","Aug-2004","Attr Name-Time_Russian","Attr Value-Авг-04"
"V","Aug-2004","Attr Name-Time_Spanish","Attr Value-Ago-04"
"V","Aug-2004","Attr Name-Time_Swedish","Attr Value-Aug-04"
"V","Aug-2004","Attr Name-Time_Turkish","Attr Value-Ağu-04"
"E","Aug-2005","Type-N","Index-9"
"P","Aug-2005","Parent-Q3-2005","Type-C","Weight-1"
"V","Aug-2005","Attr Name-Time","Attr Value-Aug-2005"
"V","Aug-2005","Attr Name-Time_Brasilian","Attr Value-Ago-05"
"V","Aug-2005","Attr Name-Time_ChineseSimplified","Attr Value-05年8月"
"V","Aug-2005","Attr Name-Time_Croatian","Attr Value-Kol-05"
"V","Aug-2005","Attr Name-Time_Danish","Attr Value-Aug-05"
"V","Aug-2005","Attr Name-Time_English","Attr Value-Aug-2005"
"V","Aug-2005","Attr Name-Time_Finnish","Attr Value-Elo-05"
"V","Aug-2005","Attr Name-Time_French","Attr Value-Aoû-2005"
"V","Aug-2005","Attr Name-Time_German","Attr Value-Aug. 2005"
"V","Aug-2005","Attr Name-Time_Hungarian","Attr Value-Aug-05"
"V","Aug-2005","Attr Name-Time_Italian","Attr Value-Ago-05"
"V","Aug-2005","Attr Name-Time_Japanese","Attr Value-2005 年 8 月"
"V","Aug-2005","Attr Name-Time_Korean","Attr Value-8월-05"
"V","Aug-2005","Attr Name-Time_Norwegian","Attr Value-Aug-05"
"V","Aug-2005","Attr Name-Time_Polish","Attr Value-Sie-05"
"V","Aug-2005","Attr Name-Time_Romanian","Attr Value-Aug-05"
"V","Aug-2005","Attr Name-Time_Russian","Attr Value-Авг-05"
"V","Aug-2005","Attr Name-Time_Spanish","Attr Value-Ago-05"
"V","Aug-2005","Attr Name-Time_Swedish","Attr Value-Aug-05"
"V","Aug-2005","Attr Name-Time_Turkish","Attr Value-Ağu-05"
"E","Dec-2003","Type-N","Index-10"
"P","Dec-2003","Parent-Q4-2003","Type-C","Weight-1"
"V","Dec-2003","Attr Name-Time","Attr Value-Dec-2003"
"V","Dec-2003","Attr Name-Time_Brasilian","Attr Value-Dez-03"
"V","Dec-2003","Attr Name-Time_ChineseSimplified","Attr Value-03年12月"
"V","Dec-2003","Attr Name-Time_Croatian","Attr Value-Pro-03"
"V","Dec-2003","Attr Name-Time_Czech","Attr Value-Pro-03"
"V","Dec-2003","Attr Name-Time_Danish","Attr Value-Dec-03"
"V","Dec-2003","Attr Name-Time_English","Attr Value-Dec-2003"
"V","Dec-2003","Attr Name-Time_Finnish","Attr Value-Joulu-03"
"V","Dec-2003","Attr Name-Time_French","Attr Value-Déc-2003"
"V","Dec-2003","Attr Name-Time_German","Attr Value-Dez. 2003"
"V","Dec-2003","Attr Name-Time_Hungarian","Attr Value-Dec-03"
"V","Dec-2003","Attr Name-Time_Italian","Attr Value-Dic-03"
"V","Dec-2003","Attr Name-Time_Japanese","Attr Value-2003 年 12 月"
"V","Dec-2003","Attr Name-Time_Korean","Attr Value-12월-03"
"V","Dec-2003","Attr Name-Time_Norwegian","Attr Value-Des-03"
"V","Dec-2003","Attr Name-Time_Polish","Attr Value-Gru-03"
"V","Dec-2003","Attr Name-Time_Romanian","Attr Value-Dec-03"
"V","Dec-2003","Attr Name-Time_Russian","Attr Value-Дек-03"
"V","Dec-2003","Attr Name-Time_Spanish","Attr Value-Dic-03"
"V","Dec-2003","Attr Name-Time_Swedish","Attr Value-Dec-03"
"V","Dec-2003","Attr Name-Time_Turkish","Attr Value-Ara-03"
"E","Dec-2004","Type-N","Index-11"
"P","Dec-2004","Parent-Q4-2004","Type-C","Weight-1"
"V","Dec-2004","Attr Name-Time","Attr Value-Dec-2004"
"V","Dec-2004","Attr Name-Time_Brasilian","Attr Value-Dez-04"
"V","Dec-2004","Attr Name-Time_ChineseSimplified","Attr Value-04年12月"
"V","Dec-2004","Attr Name-Time_Croatian","Attr Value-Pro-04"
"V","Dec-2004","Attr Name-Time_Czech","Attr Value-Pro-04"
"V","Dec-2004","Attr Name-Time_Danish","Attr Value-Dec-04"
"V","Dec-2004","Attr Name-Time_English","Attr Value-Dec-2004"
"V","Dec-2004","Attr Name-Time_Finnish","Attr Value-Joulu-04"
"V","Dec-2004","Attr Name-Time_French","Attr Value-Déc-2004"
"V","Dec-2004","Attr Name-Time_German","Attr Value-Dez. 2004"
"V","Dec-2004","Attr Name-Time_Hungarian","Attr Value-Dec-04"
"V","Dec-2004","Attr Name-Time_Italian","Attr Value-Dic-04"
"V","Dec-2004","Attr Name-Time_Japanese","Attr Value-2004 年 12 月"
"V","Dec-2004","Attr Name-Time_Korean","Attr Value-12월-04"
"V","Dec-2004","Attr Name-Time_Norwegian","Attr Value-Des-04"
"V","Dec-2004","Attr Name-Time_Polish","Attr Value-Gru-04"
"V","Dec-2004","Attr Name-Time_Romanian","Attr Value-Dec-04"
"V","Dec-2004","Attr Name-Time_Russian","Attr Value-Дек-04"
"V","Dec-2004","Attr Name-Time_Spanish","Attr Value-Dic-04"
"V","Dec-2004","Attr Name-Time_Swedish","Attr Value-Dec-04"
"V","Dec-2004","Attr Name-Time_Turkish","Attr Value-Ara-04"
"E","Dec-2005","Type-N","Index-12"
"P","Dec-2005","Parent-Q4-2005","Type-C","Weight-1"
"V","Dec-2005","Attr Name-Time","Attr Value-Dec-2005"
"V","Dec-2005","Attr Name-Time_Brasilian","Attr Value-Dez-05"
"V","Dec-2005","Attr Name-Time_ChineseSimplified","Attr Value-05年12月"
"V","Dec-2005","Attr Name-Time_Croatian","Attr Value-Pro-05"
"V","Dec-2005","Attr Name-Time_Czech","Attr Value-Pro-05"
"V","Dec-2005","Attr Name-Time_Danish","Attr Value-Dec-05"
"V","Dec-2005","Attr Name-Time_English","Attr Value-Dec-2005"
"V","Dec-2005","Attr Name-Time_Finnish","Attr Value-Joulu-05"
"V","Dec-2005","Attr Name-Time_French","Attr Value-Déc-2005"
"V","Dec-2005","Attr Name-Time_German","Attr Value-Dez. 2005"
"V","Dec-2005","Attr Name-Time_Hungarian","Attr Value-Dec-05"
"V","Dec-2005","Attr Name-Time_Italian","Attr Value-Dic-05"
"V","Dec-2005","Attr Name-Time_Japanese","Attr Value-2005 年 12 月"
"V","Dec-2005","Attr Name-Time_Korean","Attr Value-12월-05"
"V","Dec-2005","Attr Name-Time_Norwegian","Attr Value-Des-05"
"V","Dec-2005","Attr Name-Time_Polish","Attr Value-Gru-05"
"V","Dec-2005","Attr Name-Time_Romanian","Attr Value-Dec-05"
"V","Dec-2005","Attr Name-Time_Russian","Attr Value-Дек-05"
"V","Dec-2005","Attr Name-Time_Spanish","Attr Value-Dic-05"
"V","Dec-2005","Attr Name-Time_Swedish","Attr Value-Dec-05"
"V","Dec-2005","Attr Name-Time_Turkish","Attr Value-Ara-05"
"E","Description","Type-S","Index-13"
"V","Description","Attr Name-Time","Attr Value-Description"
"V","Description","Attr Name-Time_Brasilian","Attr Value-Descrição"
"V","Description","Attr Name-Time_ChineseSimplified","Attr Value-说明"
"V","Description","Attr Name-Time_ChineseTraditional","Attr Value-說明"
"V","Description","Attr Name-Time_Croatian","Attr Value-Opis"
"V","Description","Attr Name-Time_Czech","Attr Value-Popis"
"V","Description","Attr Name-Time_Danish","Attr Value-Beskrivelse"
"V","Description","Attr Name-Time_English","Attr Value-Description"
"V","Description","Attr Name-Time_Finnish","Attr Value-Kuvaus"
"V","Description","Attr Name-Time_French","Attr Value-Description"
"V","Description","Attr Name-Time_German","Attr Value-Beschreibung"
"V","Description","Attr Name-Time_Hungarian","Attr Value-Leírás"
"V","Description","Attr Name-Time_Italian","Attr Value-Descrizione"
"V","Description","Attr Name-Time_Japanese","Attr Value-説明"
"V","Description","Attr Name-Time_Korean","Attr Value-설명"
"V","Description","Attr Name-Time_Norwegian","Attr Value-Beskrivelse"
"V","Description","Attr Name-Time_Polish","Attr Value-Opis"
"V","Description","Attr Name-Time_Romanian","Attr Value-Descriere"
"V","Description","Attr Name-Time_Russian","Attr Value-Описание"
"V","Description","Attr Name-Time_Spanish","Attr Value-Descripción"
"V","Description","Attr Name-Time_Swedish","Attr Value-Beskrivning"
"V","Description","Attr Name-Time_Turkish","Attr Value-Tanım"
"E","Feb-2003","Type-N","Index-14"
"P","Feb-2003","Parent-Q1-2003","Type-C","Weight-1"
"V","Feb-2003","Attr Name-Time","Attr Value-Feb-2003"
"V","Feb-2003","Attr Name-Time_Brasilian","Attr Value-Fev-03"
"V","Feb-2003","Attr Name-Time_ChineseSimplified","Attr Value-03年2月"
"V","Feb-2003","Attr Name-Time_Croatian","Attr Value-Vel-03"
"V","Feb-2003","Attr Name-Time_Czech","Attr Value-Úno-03"
"V","Feb-2003","Attr Name-Time_Danish","Attr Value-Feb-03"
"V","Feb-2003","Attr Name-Time_English","Attr Value-Feb-2003"
"V","Feb-2003","Attr Name-Time_Finnish","Attr Value-Helmi-03"
"V","Feb-2003","Attr Name-Time_French","Attr Value-Fév-2003"
"V","Feb-2003","Attr Name-Time_German","Attr Value-Feb. 2003"
"V","Feb-2003","Attr Name-Time_Hungarian","Attr Value-Feb-03"
"V","Feb-2003","Attr Name-Time_Italian","Attr Value-Feb-03"
"V","Feb-2003","Attr Name-Time_Japanese","Attr Value-2003 年 2 月"
"V","Feb-2003","Attr Name-Time_Korean","Attr Value-2월-03"
"V","Feb-2003","Attr Name-Time_Norwegian","Attr Value-Feb-03"
"V","Feb-2003","Attr Name-Time_Polish","Attr Value-Lut-03"
"V","Feb-2003","Attr Name-Time_Romanian","Attr Value-Feb-03"
"V","Feb-2003","Attr Name-Time_Russian","Attr Value-Фев-03"
"V","Feb-2003","Attr Name-Time_Spanish","Attr Value-Feb-03"
"V","Feb-2003","Attr Name-Time_Swedish","Attr Value-Feb-03"
"V","Feb-2003","Attr Name-Time_Turkish","Attr Value-Şub-03"
"E","Feb-2004","Type-N","Index-15"
"P","Feb-2004","Parent-Q1-2004","Type-C","Weight-1"
"V","Feb-2004","Attr Name-Time","Attr Value-Feb-2004"
"V","Feb-2004","Attr Name-Time_Brasilian","Attr Value-Fev-04"
"V","Feb-2004","Attr Name-Time_ChineseSimplified","Attr Value-04年2月"
"V","Feb-2004","Attr Name-Time_Croatian","Attr Value-Vel-04"
"V","Feb-2004","Attr Name-Time_Czech","Attr Value-Úno-04"
"V","Feb-2004","Attr Name-Time_Danish","Attr Value-Feb-04"
"V","Feb-2004","Attr Name-Time_English","Attr Value-Feb-2004"
"V","Feb-2004","Attr Name-Time_Finnish","Attr Value-Helmi-04"
"V","Feb-2004","Attr Name-Time_French","Attr Value-Fév-2004"
"V","Feb-2004","Attr Name-Time_German","Attr Value-Feb. 2004"
"V","Feb-2004","Attr Name-Time_Hungarian","Attr Value-Feb-04"
"V","Feb-2004","Attr Name-Time_Italian","Attr Value-Feb-04"
"V","Feb-2004","Attr Name-Time_Japanese","Attr Value-2004 年 2 月"
"V","Feb-2004","Attr Name-Time_Korean","Attr Value-2월-04"
"V","Feb-2004","Attr Name-Time_Norwegian","Attr Value-Feb-04"
"V","Feb-2004","Attr Name-Time_Polish","Attr Value-Lut-04"
"V","Feb-2004","Attr Name-Time_Romanian","Attr Value-Feb-04"
"V","Feb-2004","Attr Name-Time_Russian","Attr Value-Фев-04"
"V","Feb-2004","Attr Name-Time_Spanish","Attr Value-Feb-04"
"V","Feb-2004","Attr Name-Time_Swedish","Attr Value-Feb-04"
"V","Feb-2004","Attr Name-Time_Turkish","Attr Value-Şub-04"
"E","Feb-2005","Type-N","Index-16"
"P","Feb-2005","Parent-Q1-2005","Type-C","Weight-1"
"V","Feb-2005","Attr Name-Time","Attr Value-Feb-2005"
"V","Feb-2005","Attr Name-Time_Brasilian","Attr Value-Fev-05"
"V","Feb-2005","Attr Name-Time_ChineseSimplified","Attr Value-05年2月"
"V","Feb-2005","Attr Name-Time_Croatian","Attr Value-Vel-05"
"V","Feb-2005","Attr Name-Time_Czech","Attr Value-Úno-05"
"V","Feb-2005","Attr Name-Time_Danish","Attr Value-Feb-05"
"V","Feb-2005","Attr Name-Time_English","Attr Value-Feb-2005"
"V","Feb-2005","Attr Name-Time_Finnish","Attr Value-Helmi-05"
"V","Feb-2005","Attr Name-Time_French","Attr Value-Fév-2005"
"V","Feb-2005","Attr Name-Time_German","Attr Value-Feb. 2005"
"V","Feb-2005","Attr Name-Time_Hungarian","Attr Value-Feb-05"
"V","Feb-2005","Attr Name-Time_Italian","Attr Value-Feb-05"
"V","Feb-2005","Attr Name-Time_Japanese","Attr Value-2005 年 2 月"
"V","Feb-2005","Attr Name-Time_Korean","Attr Value-2월-05"
"V","Feb-2005","Attr Name-Time_Norwegian","Attr Value-Feb-05"
"V","Feb-2005","Attr Name-Time_Polish","Attr Value-Lut-05"
"V","Feb-2005","Attr Name-Time_Romanian","Attr Value-Feb-05"
"V","Feb-2005","Attr Name-Time_Russian","Attr Value-Фев-05"
"V","Feb-2005","Attr Name-Time_Spanish","Attr Value-Feb-05"
"V","Feb-2005","Attr Name-Time_Swedish","Attr Value-Feb-05"
"V","Feb-2005","Attr Name-Time_Turkish","Attr Value-Şub-05"
"E","Jan-2003","Type-N","Index-17"
"P","Jan-2003","Parent-Q1-2003","Type-C","Weight-1"
"V","Jan-2003","Attr Name-Time","Attr Value-Jan-2003"
"V","Jan-2003","Attr Name-Time_Brasilian","Attr Value-Jan-03"
"V","Jan-2003","Attr Name-Time_ChineseSimplified","Attr Value-03年1月"
"V","Jan-2003","Attr Name-Time_Croatian","Attr Value-Sij-03"
"V","Jan-2003","Attr Name-Time_Czech","Attr Value-Led-03"
"V","Jan-2003","Attr Name-Time_Danish","Attr Value-Jan-03"
"V","Jan-2003","Attr Name-Time_English","Attr Value-Jan-2003"
"V","Jan-2003","Attr Name-Time_Finnish","Attr Value-Tammi-03"
"V","Jan-2003","Attr Name-Time_French","Attr Value-Jan-2003"
"V","Jan-2003","Attr Name-Time_German","Attr Value-Jan. 2003"
"V","Jan-2003","Attr Name-Time_Hungarian","Attr Value-Jan-03"
"V","Jan-2003","Attr Name-Time_Italian","Attr Value-Gen-03"
"V","Jan-2003","Attr Name-Time_Japanese","Attr Value-2003 年 1 月"
"V","Jan-2003","Attr Name-Time_Korean","Attr Value-1월-03"
"V","Jan-2003","Attr Name-Time_Norwegian","Attr Value-Jan-03"
"V","Jan-2003","Attr Name-Time_Polish","Attr Value-Sty-03"
"V","Jan-2003","Attr Name-Time_Romanian","Attr Value-Ian-03"
"V","Jan-2003","Attr Name-Time_Russian","Attr Value-Янв-03"
"V","Jan-2003","Attr Name-Time_Spanish","Attr Value-En-03"
"V","Jan-2003","Attr Name-Time_Swedish","Attr Value-Jan-03"
"V","Jan-2003","Attr Name-Time_Turkish","Attr Value-Oca-03"
"E","Jan-2004","Type-N","Index-18"
"P","Jan-2004","Parent-Q1-2004","Type-C","Weight-1"
"V","Jan-2004","Attr Name-Time","Attr Value-Jan-2004"
"V","Jan-2004","Attr Name-Time_Brasilian","Attr Value-Jan-04"
"V","Jan-2004","Attr Name-Time_ChineseSimplified","Attr Value-04年1月"
"V","Jan-2004","Attr Name-Time_Croatian","Attr Value-Sij-04"
"V","Jan-2004","Attr Name-Time_Czech","Attr Value-Led-04"
"V","Jan-2004","Attr Name-Time_Danish","Attr Value-Jan-04"
"V","Jan-2004","Attr Name-Time_English","Attr Value-Jan-2004"
"V","Jan-2004","Attr Name-Time_Finnish","Attr Value-Tammi-04"
"V","Jan-2004","Attr Name-Time_French","Attr Value-Jan-2004"
"V","Jan-2004","Attr Name-Time_German","Attr Value-Jan. 2004"
"V","Jan-2004","Attr Name-Time_Hungarian","Attr Value-Jan-04"
"V","Jan-2004","Attr Name-Time_Italian","Attr Value-Gen-04"
"V","Jan-2004","Attr Name-Time_Japanese","Attr Value-2004 年 1 月"
"V","Jan-2004","Attr Name-Time_Korean","Attr Value-1월-04"
"V","Jan-2004","Attr Name-Time_Norwegian","Attr Value-Jan-04"
"V","Jan-2004","Attr Name-Time_Polish","Attr Value-Sty-04"
"V","Jan-2004","Attr Name-Time_Romanian","Attr Value-Ian-04"
"V","Jan-2004","Attr Name-Time_Russian","Attr Value-Янв-04"
"V","Jan-2004","Attr Name-Time_Spanish","Attr Value-En-04"
"V","Jan-2004","Attr Name-Time_Swedish","Attr Value-Jan-04"
"V","Jan-2004","Attr Name-Time_Turkish","Attr Value-Oca-04"
"E","Jan-2005","Type-N","Index-19"
"P","Jan-2005","Parent-Q1-2005","Type-C","Weight-1"
"V","Jan-2005","Attr Name-Time","Attr Value-Jan-2005"
"V","Jan-2005","Attr Name-Time_Brasilian","Attr Value-Jan-05"
"V","Jan-2005","Attr Name-Time_ChineseSimplified","Attr Value-05年1月"
"V","Jan-2005","Attr Name-Time_Croatian","Attr Value-Sij-05"
"V","Jan-2005","Attr Name-Time_Czech","Attr Value-Led-05"
"V","Jan-2005","Attr Name-Time_Danish","Attr Value-Jan-05"
"V","Jan-2005","Attr Name-Time_English","Attr Value-Jan-2005"
"V","Jan-2005","Attr Name-Time_Finnish","Attr Value-Tammi-05"
"V","Jan-2005","Attr Name-Time_French","Attr Value-Jan-2005"
"V","Jan-2005","Attr Name-Time_German","Attr Value-Jan. 2005"
"V","Jan-2005","Attr Name-Time_Hungarian","Attr Value-Jan-05"
"V","Jan-2005","Attr Name-Time_Italian","Attr Value-Gen-05"
"V","Jan-2005","Attr Name-Time_Japanese","Attr Value-2005 年 1 月"
"V","Jan-2005","Attr Name-Time_Korean","Attr Value-1월-05"
"V","Jan-2005","Attr Name-Time_Norwegian","Attr Value-Jan-05"
"V","Jan-2005","Attr Name-Time_Polish","Attr Value-Sty-05"
"V","Jan-2005","Attr Name-Time_Romanian","Attr Value-Ian-05"
"V","Jan-2005","Attr Name-Time_Russian","Attr Value-Янв-05"
"V","Jan-2005","Attr Name-Time_Spanish","Attr Value-En-05"
"V","Jan-2005","Attr Name-Time_Swedish","Attr Value-Jan-05"
"V","Jan-2005","Attr Name-Time_Turkish","Attr Value-Oca-05"
"E","Jul-2003","Type-N","Index-20"
"P","Jul-2003","Parent-Q3-2003","Type-C","Weight-1"
"V","Jul-2003","Attr Name-Time","Attr Value-Jul-2003"
"V","Jul-2003","Attr Name-Time_Brasilian","Attr Value-Jul-03"
"V","Jul-2003","Attr Name-Time_ChineseSimplified","Attr Value-03年7月"
"V","Jul-2003","Attr Name-Time_Croatian","Attr Value-Srp-03"
"V","Jul-2003","Attr Name-Time_Czech","Attr Value-Čnc-03"
"V","Jul-2003","Attr Name-Time_Danish","Attr Value-Jul-03"
"V","Jul-2003","Attr Name-Time_English","Attr Value-Jul-2003"
"V","Jul-2003","Attr Name-Time_Finnish","Attr Value-Heinä-03"
"V","Jul-2003","Attr Name-Time_French","Attr Value-Jul-2003"
"V","Jul-2003","Attr Name-Time_German","Attr Value-Jul. 2003"
"V","Jul-2003","Attr Name-Time_Hungarian","Attr Value-Jul-03"
"V","Jul-2003","Attr Name-Time_Italian","Attr Value-Lug-03"
"V","Jul-2003","Attr Name-Time_Japanese","Attr Value-2003 年 7 月"
"V","Jul-2003","Attr Name-Time_Korean","Attr Value-7월-03"
"V","Jul-2003","Attr Name-Time_Norwegian","Attr Value-Jul-03"
"V","Jul-2003","Attr Name-Time_Polish","Attr Value-Lip-03"
"V","Jul-2003","Attr Name-Time_Romanian","Attr Value-Iul-03"
"V","Jul-2003","Attr Name-Time_Russian","Attr Value-Июл-03"
"V","Jul-2003","Attr Name-Time_Spanish","Attr Value-Jul-03"
"V","Jul-2003","Attr Name-Time_Swedish","Attr Value-Jul-03"
"V","Jul-2003","Attr Name-Time_Turkish","Attr Value-Tem-03"
"E","Jul-2004","Type-N","Index-21"
"P","Jul-2004","Parent-Q3-2004","Type-C","Weight-1"
"V","Jul-2004","Attr Name-Time","Attr Value-Jul-2004"
"V","Jul-2004","Attr Name-Time_Brasilian","Attr Value-Jul-04"
"V","Jul-2004","Attr Name-Time_ChineseSimplified","Attr Value-04年7月"
"V","Jul-2004","Attr Name-Time_Croatian","Attr Value-Srp-04"
"V","Jul-2004","Attr Name-Time_Czech","Attr Value-Čnc-04"
"V","Jul-2004","Attr Name-Time_Danish","Attr Value-Jul-04"
"V","Jul-2004","Attr Name-Time_English","Attr Value-Jul-2004"
"V","Jul-2004","Attr Name-Time_Finnish","Attr Value-Heinä-04"
"V","Jul-2004","Attr Name-Time_French","Attr Value-Jul-2004"
"V","Jul-2004","Attr Name-Time_German","Attr Value-Jul. 2004"
"V","Jul-2004","Attr Name-Time_Hungarian","Attr Value-Jul-04"
"V","Jul-2004","Attr Name-Time_Italian","Attr Value-Lug-04"
"V","Jul-2004","Attr Name-Time_Japanese","Attr Value-2004 年 7 月"
"V","Jul-2004","Attr Name-Time_Korean","Attr Value-7월-04"
"V","Jul-2004","Attr Name-Time_Norwegian","Attr Value-Jul-04"
"V","Jul-2004","Attr Name-Time_Polish","Attr Value-Lip-04"
"V","Jul-2004","Attr Name-Time_Romanian","Attr Value-Iul-04"
"V","Jul-2004","Attr Name-Time_Russian","Attr Value-Июл-04"
"V","Jul-2004","Attr Name-Time_Spanish","Attr Value-Jul-04"
"V","Jul-2004","Attr Name-Time_Swedish","Attr Value-Jul-04"
"V","Jul-2004","Attr Name-Time_Turkish","Attr Value-Tem-04"
"E","Jul-2005","Type-N","Index-22"
"P","Jul-2005","Parent-Q3-2005","Type-C","Weight-1"
"V","Jul-2005","Attr Name-Time","Attr Value-Jul-2005"
"V","Jul-2005","Attr Name-Time_Brasilian","Attr Value-Jul-05"
"V","Jul-2005","Attr Name-Time_ChineseSimplified","Attr Value-05年7月"
"V","Jul-2005","Attr Name-Time_Croatian","Attr Value-Srp-05"
"V","Jul-2005","Attr Name-Time_Czech","Attr Value-Čnc-05"
"V","Jul-2005","Attr Name-Time_Danish","Attr Value-Jul-05"
"V","Jul-2005","Attr Name-Time_English","Attr Value-Jul-2005"
"V","Jul-2005","Attr Name-Time_Finnish","Attr Value-Heinä-05"
"V","Jul-2005","Attr Name-Time_French","Attr Value-Jul-2005"
"V","Jul-2005","Attr Name-Time_German","Attr Value-Jul. 2005"
"V","Jul-2005","Attr Name-Time_Hungarian","Attr Value-Jul-05"
"V","Jul-2005","Attr Name-Time_Italian","Attr Value-Lug-05"
"V","Jul-2005","Attr Name-Time_Japanese","Attr Value-2005 年 7 月"
"V","Jul-2005","Attr Name-Time_Korean","Attr Value-7월-05"
"V","Jul-2005","Attr Name-Time_Norwegian","Attr Value-Jul-05"
"V","Jul-2005","Attr Name-Time_Polish","Attr Value-Lip-05"
"V","Jul-2005","Attr Name-Time_Romanian","Attr Value-Iul-05"
"V","Jul-2005","Attr Name-Time_Russian","Attr Value-Июл-05"
"V","Jul-2005","Attr Name-Time_Spanish","Attr Value-Jul-05"
"V","Jul-2005","Attr Name-Time_Swedish","Attr Value-Jul-05"
"V","Jul-2005","Attr Name-Time_Turkish","Attr Value-Tem-05"
"E","Jun-2003","Type-N","Index-23"
"P","Jun-2003","Parent-Q2-2003","Type-C","Weight-1"
"V","Jun-2003","Attr Name-Time","Attr Value-Jun-2003"
"V","Jun-2003","Attr Name-Time_Brasilian","Attr Value-Jun-03"
"V","Jun-2003","Attr Name-Time_ChineseSimplified","Attr Value-03年6月"
"V","Jun-2003","Attr Name-Time_Czech","Attr Value-Čer-03"
"V","Jun-2003","Attr Name-Time_Danish","Attr Value-Jun-03"
"V","Jun-2003","Attr Name-Time_English","Attr Value-Jun-2003"
"V","Jun-2003","Attr Name-Time_Finnish","Attr Value-Kesä-03"
"V","Jun-2003","Attr Name-Time_French","Attr Value-Jun-2003"
"V","Jun-2003","Attr Name-Time_German","Attr Value-Jun. 2003"
"V","Jun-2003","Attr Name-Time_Hungarian","Attr Value-Jun-03"
"V","Jun-2003","Attr Name-Time_Italian","Attr Value-Giu-03"
"V","Jun-2003","Attr Name-Time_Japanese","Attr Value-2003 年 6 月"
"V","Jun-2003","Attr Name-Time_Korean","Attr Value-6월-03"
"V","Jun-2003","Attr Name-Time_Norwegian","Attr Value-Jun-03"
"V","Jun-2003","Attr Name-Time_Polish","Attr Value-Cze-03"
"V","Jun-2003","Attr Name-Time_Romanian","Attr Value-Iun-03"
"V","Jun-2003","Attr Name-Time_Russian","Attr Value-Июн-03"
"V","Jun-2003","Attr Name-Time_Spanish","Attr Value-Jun-03"
"V","Jun-2003","Attr Name-Time_Swedish","Attr Value-Jun-03"
"V","Jun-2003","Attr Name-Time_Turkish","Attr Value-Haz-03"
"E","Jun-2004","Type-N","Index-24"
"P","Jun-2004","Parent-Q2-2004","Type-C","Weight-1"
"V","Jun-2004","Attr Name-Time","Attr Value-Jun-2004"
"V","Jun-2004","Attr Name-Time_Brasilian","Attr Value-Jun-04"
"V","Jun-2004","Attr Name-Time_ChineseSimplified","Attr Value-04年6月"
"V","Jun-2004","Attr Name-Time_Czech","Attr Value-Čer-04"
"V","Jun-2004","Attr Name-Time_Danish","Attr Value-Jun-04"
"V","Jun-2004","Attr Name-Time_English","Attr Value-Jun-2004"
"V","Jun-2004","Attr Name-Time_Finnish","Attr Value-Kesä-04"
"V","Jun-2004","Attr Name-Time_French","Attr Value-Jun-2004"
"V","Jun-2004","Attr Name-Time_German","Attr Value-Jun. 2004"
"V","Jun-2004","Attr Name-Time_Hungarian","Attr Value-Jun-04"
"V","Jun-2004","Attr Name-Time_Italian","Attr Value-Giu-04"
"V","Jun-2004","Attr Name-Time_Japanese","Attr Value-2004 年 6 月"
"V","Jun-2004","Attr Name-Time_Korean","Attr Value-6월-04"
"V","Jun-2004","Attr Name-Time_Norwegian","Attr Value-Jun-04"
"V","Jun-2004","Attr Name-Time_Polish","Attr Value-Cze-04"
"V","Jun-2004","Attr Name-Time_Romanian","Attr Value-Iun-04"
"V","Jun-2004","Attr Name-Time_Spanish","Attr Value-Jun-04"
"V","Jun-2004","Attr Name-Time_Swedish","Attr Value-Jun-04"
"V","Jun-2004","Attr Name-Time_Turkish","Attr Value-Haz-04"
"E","Jun-2005","Type-N","Index-25"
"P","Jun-2005","Parent-Q2-2005","Type-C","Weight-1"
"V","Jun-2005","Attr Name-Time","Attr Value-Jun-2005"
"V","Jun-2005","Attr Name-Time_Brasilian","Attr Value-Jun-05"
"V","Jun-2005","Attr Name-Time_ChineseSimplified","Attr Value-05年6月"
"V","Jun-2005","Attr Name-Time_Czech","Attr Value-Čer-05"
"V","Jun-2005","Attr Name-Time_Danish","Attr Value-Jun-05"
"V","Jun-2005","Attr Name-Time_English","Attr Value-Jun-2005"
"V","Jun-2005","Attr Name-Time_Finnish","Attr Value-Kesä-05"
"V","Jun-2005","Attr Name-Time_French","Attr Value-Jun-2005"
"V","Jun-2005","Attr Name-Time_German","Attr Value-Jun. 2005"
"V","Jun-2005","Attr Name-Time_Hungarian","Attr Value-Jun-05"
"V","Jun-2005","Attr Name-Time_Italian","Attr Value-Giu-05"
"V","Jun-2005","Attr Name-Time_Japanese","Attr Value-2005 年 6 月"
"V","Jun-2005","Attr Name-Time_Korean","Attr Value-6월-05"
"V","Jun-2005","Attr Name-Time_Norwegian","Attr Value-Jun-05"
"V","Jun-2005","Attr Name-Time_Polish","Attr Value-Cze-05"
"V","Jun-2005","Attr Name-Time_Romanian","Attr Value-Iun-05"
"V","Jun-2005","Attr Name-Time_Russian","Attr Value-Июн-05"
"V","Jun-2005","Attr Name-Time_Spanish","Attr Value-Jun-05"
"V","Jun-2005","Attr Name-Time_Swedish","Attr Value-Jun-05"
"V","Jun-2005","Attr Name-Time_Turkish","Attr Value-Haz-05"
"E","Mar-2003","Type-N","Index-26"
"P","Mar-2003","Parent-Q1-2003","Type-C","Weight-1"
"V","Mar-2003","Attr Name-Time","Attr Value-Mar-2003"
"V","Mar-2003","Attr Name-Time_Brasilian","Attr Value-Mar-03"
"V","Mar-2003","Attr Name-Time_ChineseSimplified","Attr Value-03年3月"
"V","Mar-2003","Attr Name-Time_Croatian","Attr Value-Ožu-03"
"V","Mar-2003","Attr Name-Time_Czech","Attr Value-Bře-03"
"V","Mar-2003","Attr Name-Time_Danish","Attr Value-Mar-03"
"V","Mar-2003","Attr Name-Time_English","Attr Value-Mar-2003"
"V","Mar-2003","Attr Name-Time_Finnish","Attr Value-Maalis-03"
"V","Mar-2003","Attr Name-Time_French","Attr Value-Mar-2003"
"V","Mar-2003","Attr Name-Time_German","Attr Value-Mrz. 2003"
"V","Mar-2003","Attr Name-Time_Hungarian","Attr Value-Mar-03"
"V","Mar-2003","Attr Name-Time_Italian","Attr Value-Mar-03"
"V","Mar-2003","Attr Name-Time_Japanese","Attr Value-2003 年 3 月"
"V","Mar-2003","Attr Name-Time_Korean","Attr Value-3월-03"
"V","Mar-2003","Attr Name-Time_Norwegian","Attr Value-Mar-03"
"V","Mar-2003","Attr Name-Time_Polish","Attr Value-Mar-03"
"V","Mar-2003","Attr Name-Time_Romanian","Attr Value-Mar-03"
"V","Mar-2003","Attr Name-Time_Russian","Attr Value-Мар-03"
"V","Mar-2003","Attr Name-Time_Spanish","Attr Value-Mar-03"
"V","Mar-2003","Attr Name-Time_Swedish","Attr Value-Mar-03"
"V","Mar-2003","Attr Name-Time_Turkish","Attr Value-Mar-03"
"E","Mar-2004","Type-N","Index-27"
"P","Mar-2004","Parent-Q1-2004","Type-C","Weight-1"
"V","Mar-2004","Attr Name-Time","Attr Value-Mar-2004"
"V","Mar-2004","Attr Name-Time_Brasilian","Attr Value-Mar-04"
"V","Mar-2004","Attr Name-Time_ChineseSimplified","Attr Value-04年3月"
"V","Mar-2004","Attr Name-Time_Croatian","Attr Value-Ožu-04"
"V","Mar-2004","Attr Name-Time_Czech","Attr Value-Bře-04"
"V","Mar-2004","Attr Name-Time_Danish","Attr Value-Mar-04"
"V","Mar-2004","Attr Name-Time_English","Attr Value-Mar-2004"
"V","Mar-2004","Attr Name-Time_Finnish","Attr Value-Maalis-04"
"V","Mar-2004","Attr Name-Time_French","Attr Value-Mar-2004"
"V","Mar-2004","Attr Name-Time_German","Attr Value-Mrz. 2004"
"V","Mar-2004","Attr Name-Time_Hungarian","Attr Value-Mar-04"
"V","Mar-2004","Attr Name-Time_Italian","Attr Value-Mar-04"
"V","Mar-2004","Attr Name-Time_Japanese","Attr Value-2004 年 3 月"
"V","Mar-2004","Attr Name-Time_Korean","Attr Value-3월-04"
"V","Mar-2004","Attr Name-Time_Norwegian","Attr Value-Mar-04"
"V","Mar-2004","Attr Name-Time_Polish","Attr Value-Mar-04"
"V","Mar-2004","Attr Name-Time_Romanian","Attr Value-Mar-04"
"V","Mar-2004","Attr Name-Time_Russian","Attr Value-Мар-04"
"V","Mar-2004","Attr Name-Time_Spanish","Attr Value-Mar-04"
"V","Mar-2004","Attr Name-Time_Swedish","Attr Value-Mar-04"
"V","Mar-2004","Attr Name-Time_Turkish","Attr Value-Mar-04"
"E","Mar-2005","Type-N","Index-28"
"P","Mar-2005","Parent-Q1-2005","Type-C","Weight-1"
"V","Mar-2005","Attr Name-Time","Attr Value-Mar-2005"
"V","Mar-2005","Attr Name-Time_Brasilian","Attr Value-Mar-05"
"V","Mar-2005","Attr Name-Time_ChineseSimplified","Attr Value-05年3月"
"V","Mar-2005","Attr Name-Time_Croatian","Attr Value-Ožu-05"
"V","Mar-2005","Attr Name-Time_Czech","Attr Value-Bře-05"
"V","Mar-2005","Attr Name-Time_Danish","Attr Value-Mar-05"
"V","Mar-2005","Attr Name-Time_English","Attr Value-Mar-2005"
"V","Mar-2005","Attr Name-Time_Finnish","Attr Value-Maalis-05"
"V","Mar-2005","Attr Name-Time_French","Attr Value-Mar-2005"
"V","Mar-2005","Attr Name-Time_German","Attr Value-Mrz. 2005"
"V","Mar-2005","Attr Name-Time_Hungarian","Attr Value-Mar-05"
"V","Mar-2005","Attr Name-Time_Italian","Attr Value-Mar-05"
"V","Mar-2005","Attr Name-Time_Japanese","Attr Value-2005 年 3 月"
"V","Mar-2005","Attr Name-Time_Korean","Attr Value-3월-05"
"V","Mar-2005","Attr Name-Time_Norwegian","Attr Value-Mar-05"
"V","Mar-2005","Attr Name-Time_Polish","Attr Value-Mar-05"
"V","Mar-2005","Attr Name-Time_Romanian","Attr Value-Mar-05"
"V","Mar-2005","Attr Name-Time_Russian","Attr Value-Мар-05"
"V","Mar-2005","Attr Name-Time_Spanish","Attr Value-Mar-05"
"V","Mar-2005","Attr Name-Time_Swedish","Attr Value-Mar-05"
"V","Mar-2005","Attr Name-Time_Turkish","Attr Value-Mar-05"
"E","May-2003","Type-N","Index-29"
"P","May-2003","Parent-Q2-2003","Type-C","Weight-1"
"V","May-2003","Attr Name-Time","Attr Value-May-2003"
"V","May-2003","Attr Name-Time_Brasilian","Attr Value-Mai-03"
"V","May-2003","Attr Name-Time_ChineseSimplified","Attr Value-03年5月"
"V","May-2003","Attr Name-Time_Croatian","Attr Value-Svi-03"
"V","May-2003","Attr Name-Time_Czech","Attr Value-Kvě-03"
"V","May-2003","Attr Name-Time_Danish","Attr Value-Maj-03"
"V","May-2003","Attr Name-Time_English","Attr Value-May-2003"
"V","May-2003","Attr Name-Time_Finnish","Attr Value-Touko-03"
"V","May-2003","Attr Name-Time_French","Attr Value-Mai-2003"
"V","May-2003","Attr Name-Time_German","Attr Value-Mai 2003"
"V","May-2003","Attr Name-Time_Hungarian","Attr Value-May-03"
"V","May-2003","Attr Name-Time_Italian","Attr Value-Mag-03"
"V","May-2003","Attr Name-Time_Japanese","Attr Value-2003 年 5 月"
"V","May-2003","Attr Name-Time_Korean","Attr Value-5월-03"
"V","May-2003","Attr Name-Time_Norwegian","Attr Value-Mai-03"
"V","May-2003","Attr Name-Time_Polish","Attr Value-Maj-03"
"V","May-2003","Attr Name-Time_Romanian","Attr Value-Mai-03"
"V","May-2003","Attr Name-Time_Russian","Attr Value-Май-03"
"V","May-2003","Attr Name-Time_Spanish","Attr Value-May-03"
"V","May-2003","Attr Name-Time_Swedish","Attr Value-Maj-03"
"V","May-2003","Attr Name-Time_Turkish","Attr Value-May-03"
"E","May-2004","Type-N","Index-30"
"P","May-2004","Parent-Q2-2004","Type-C","Weight-1"
"V","May-2004","Attr Name-Time","Attr Value-May-2004"
"V","May-2004","Attr Name-Time_Brasilian","Attr Value-Mai-04"
"V","May-2004","Attr Name-Time_ChineseSimplified","Attr Value-04年5月"
"V","May-2004","Attr Name-Time_Croatian","Attr Value-Svi-04"
"V","May-2004","Attr Name-Time_Czech","Attr Value-Kvě-04"
"V","May-2004","Attr Name-Time_Danish","Attr Value-Maj-04"
"V","May-2004","Attr Name-Time_English","Attr Value-May-2004"
"V","May-2004","Attr Name-Time_Finnish","Attr Value-Touko-04"
"V","May-2004","Attr Name-Time_French","Attr Value-Mai-2004"
"V","May-2004","Attr Name-Time_German","Attr Value-Mai 2004"
"V","May-2004","Attr Name-Time_Hungarian","Attr Value-May-04"
"V","May-2004","Attr Name-Time_Italian","Attr Value-Mag-04"
"V","May-2004","Attr Name-Time_Japanese","Attr Value-2004 年 5 月"
"V","May-2004","Attr Name-Time_Korean","Attr Value-5월-04"
"V","May-2004","Attr Name-Time_Norwegian","Attr Value-Mai-04"
"V","May-2004","Attr Name-Time_Polish","Attr Value-Maj-04"
"V","May-2004","Attr Name-Time_Romanian","Attr Value-Mai-04"
"V","May-2004","Attr Name-Time_Russian","Attr Value-Май-04"
"V","May-2004","Attr Name-Time_Spanish","Attr Value-May-04"
"V","May-2004","Attr Name-Time_Swedish","Attr Value-Maj-04"
"V","May-2004","Attr Name-Time_Turkish","Attr Value-May-04"
"E","May-2005","Type-N","Index-31"
"P","May-2005","Parent-Q2-2005","Type-C","Weight-1"
"V","May-2005","Attr Name-Time","Attr Value-May-2005"
"V","May-2005","Attr Name-Time_Brasilian","Attr Value-Mai-05"
"V","May-2005","Attr Name-Time_ChineseSimplified","Attr Value-05年5月"
"V","May-2005","Attr Name-Time_Croatian","Attr Value-Svi-05"
"V","May-2005","Attr Name-Time_Czech","Attr Value-Kvě-05"
"V","May-2005","Attr Name-Time_Danish","Attr Value-Maj-05"
"V","May-2005","Attr Name-Time_English","Attr Value-May-2005"
"V","May-2005","Attr Name-Time_Finnish","Attr Value-Touko-05"
"V","May-2005","Attr Name-Time_French","Attr Value-Mai-2005"
"V","May-2005","Attr Name-Time_German","Attr Value-Mai 2005"
"V","May-2005","Attr Name-Time_Hungarian","Attr Value-May-05"
"V","May-2005","Attr Name-Time_Italian","Attr Value-Mag-05"
"V","May-2005","Attr Name-Time_Japanese","Attr Value-2005 年 5 月"
"V","May-2005","Attr Name-Time_Korean","Attr Value-5월-05"
"V","May-2005","Attr Name-Time_Norwegian","Attr Value-Mai-05"
"V","May-2005","Attr Name-Time_Polish","Attr Value-Maj-05"
"V","May-2005","Attr Name-Time_Romanian","Attr Value-Mai-05"
"V","May-2005","Attr Name-Time_Russian","Attr Value-Май-05"
"V","May-2005","Attr Name-Time_Spanish","Attr Value-May-05"
"V","May-2005","Attr Name-Time_Swedish","Attr Value-Maj-05"
"V","May-2005","Attr Name-Time_Turkish","Attr Value-May-05"
"E","Nov-2003","Type-N","Index-32"
"P","Nov-2003","Parent-Q4-2003","Type-C","Weight-1"
"V","Nov-2003","Attr Name-Time","Attr Value-Nov-2003"
"V","Nov-2003","Attr Name-Time_Brasilian","Attr Value-Nov-03"
"V","Nov-2003","Attr Name-Time_ChineseSimplified","Attr Value-03年11月"
"V","Nov-2003","Attr Name-Time_Croatian","Attr Value-Stu-03"
"V","Nov-2003","Attr Name-Time_Czech","Attr Value-Lis-03"
"V","Nov-2003","Attr Name-Time_Danish","Attr Value-Nov-03"
"V","Nov-2003","Attr Name-Time_English","Attr Value-Nov-2003"
"V","Nov-2003","Attr Name-Time_Finnish","Attr Value-Marras-03"
"V","Nov-2003","Attr Name-Time_French","Attr Value-Nov-2003"
"V","Nov-2003","Attr Name-Time_German","Attr Value-Nov. 2003"
"V","Nov-2003","Attr Name-Time_Hungarian","Attr Value-Nov-03"
"V","Nov-2003","Attr Name-Time_Italian","Attr Value-Nov-03"
"V","Nov-2003","Attr Name-Time_Japanese","Attr Value-2003 年 11 月"
"V","Nov-2003","Attr Name-Time_Korean","Attr Value-11월-03"
"V","Nov-2003","Attr Name-Time_Norwegian","Attr Value-Nov-03"
"V","Nov-2003","Attr Name-Time_Polish","Attr Value-Lis-03"
"V","Nov-2003","Attr Name-Time_Romanian","Attr Value-Noi-03"
"V","Nov-2003","Attr Name-Time_Russian","Attr Value-Ноя-03"
"V","Nov-2003","Attr Name-Time_Spanish","Attr Value-Nov-03"
"V","Nov-2003","Attr Name-Time_Swedish","Attr Value-Nov-03"
"V","Nov-2003","Attr Name-Time_Turkish","Attr Value-Kas-03"
"E","Nov-2004","Type-N","Index-33"
"P","Nov-2004","Parent-Q4-2004","Type-C","Weight-1"
"V","Nov-2004","Attr Name-Time","Attr Value-Nov-2004"
"V","Nov-2004","Attr Name-Time_Brasilian","Attr Value-Nov-04"
"V","Nov-2004","Attr Name-Time_ChineseSimplified","Attr Value-04年11月"
"V","Nov-2004","Attr Name-Time_Croatian","Attr Value-Stu-04"
"V","Nov-2004","Attr Name-Time_Czech","Attr Value-Lis-04"
"V","Nov-2004","Attr Name-Time_Danish","Attr Value-Nov-04"
"V","Nov-2004","Attr Name-Time_English","Attr Value-Nov-2004"
"V","Nov-2004","Attr Name-Time_Finnish","Attr Value-Marras-04"
"V","Nov-2004","Attr Name-Time_French","Attr Value-Nov-2004"
"V","Nov-2004","Attr Name-Time_German","Attr Value-Nov. 2004"
"V","Nov-2004","Attr Name-Time_Hungarian","Attr Value-Nov-04"
"V","Nov-2004","Attr Name-Time_Italian","Attr Value-Nov-04"
"V","Nov-2004","Attr Name-Time_Japanese","Attr Value-2004 年 11 月"
"V","Nov-2004","Attr Name-Time_Korean","Attr Value-11월-04"
"V","Nov-2004","Attr Name-Time_Norwegian","Attr Value-Nov-04"
"V","Nov-2004","Attr Name-Time_Polish","Attr Value-Lis-04"
"V","Nov-2004","Attr Name-Time_Romanian","Attr Value-Noi-04"
"V","Nov-2004","Attr Name-Time_Russian","Attr Value-Ноя-04"
"V","Nov-2004","Attr Name-Time_Spanish","Attr Value-Nov-04"
"V","Nov-2004","Attr Name-Time_Swedish","Attr Value-Nov-04"
"V","Nov-2004","Attr Name-Time_Turkish","Attr Value-Kas-04"
"E","Nov-2005","Type-N","Index-34"
"P","Nov-2005","Parent-Q4-2005","Type-C","Weight-1"
"V","Nov-2005","Attr Name-Time","Attr Value-Nov-2005"
"V","Nov-2005","Attr Name-Time_Brasilian","Attr Value-Nov-05"
"V","Nov-2005","Attr Name-Time_ChineseSimplified","Attr Value-05年11月"
"V","Nov-2005","Attr Name-Time_Croatian","Attr Value-Stu-05"
"V","Nov-2005","Attr Name-Time_Czech","Attr Value-Lis-05"
"V","Nov-2005","Attr Name-Time_Danish","Attr Value-Nov-05"
"V","Nov-2005","Attr Name-Time_English","Attr Value-Nov-2005"
"V","Nov-2005","Attr Name-Time_Finnish","Attr Value-Marras-05"
"V","Nov-2005","Attr Name-Time_French","Attr Value-Nov-2005"
"V","Nov-2005","Attr Name-Time_German","Attr Value-Nov. 2005"
"V","Nov-2005","Attr Name-Time_Hungarian","Attr Value-Nov-05"
"V","Nov-2005","Attr Name-Time_Italian","Attr Value-Nov-05"
"V","Nov-2005","Attr Name-Time_Japanese","Attr Value-2005 年 11 月"
"V","Nov-2005","Attr Name-Time_Korean","Attr Value-11월-05"
"V","Nov-2005","Attr Name-Time_Norwegian","Attr Value-Nov-05"
"V","Nov-2005","Attr Name-Time_Polish","Attr Value-Lis-05"
"V","Nov-2005","Attr Name-Time_Romanian","Attr Value-Noi-05"
"V","Nov-2005","Attr Name-Time_Russian","Attr Value-Ноя-05"
"V","Nov-2005","Attr Name-Time_Spanish","Attr Value-Nov-05"
"V","Nov-2005","Attr Name-Time_Swedish","Attr Value-Nov-05"
"V","Nov-2005","Attr Name-Time_Turkish","Attr Value-Kas-05"
"E","Oct-2003","Type-N","Index-35"
"P","Oct-2003","Parent-Q4-2003","Type-C","Weight-1"
"V","Oct-2003","Attr Name-Time","Attr Value-Oct-2003"
"V","Oct-2003","Attr Name-Time_Brasilian","Attr Value-Out-03"
"V","Oct-2003","Attr Name-Time_ChineseSimplified","Attr Value-03年10月"
"V","Oct-2003","Attr Name-Time_Czech","Attr Value-Říj-03"
"V","Oct-2003","Attr Name-Time_Danish","Attr Value-Okt-03"
"V","Oct-2003","Attr Name-Time_English","Attr Value-Oct-2003"
"V","Oct-2003","Attr Name-Time_Finnish","Attr Value-Loka-03"
"V","Oct-2003","Attr Name-Time_French","Attr Value-Oct-2003"
"V","Oct-2003","Attr Name-Time_German","Attr Value-Okt. 2003"
"V","Oct-2003","Attr Name-Time_Hungarian","Attr Value-Oct-03"
"V","Oct-2003","Attr Name-Time_Italian","Attr Value-Ott-03"
"V","Oct-2003","Attr Name-Time_Japanese","Attr Value-2003 年 10 月"
"V","Oct-2003","Attr Name-Time_Korean","Attr Value-10월-03"
"V","Oct-2003","Attr Name-Time_Norwegian","Attr Value-Okt-03"
"V","Oct-2003","Attr Name-Time_Polish","Attr Value-Paź-03"
"V","Oct-2003","Attr Name-Time_Romanian","Attr Value-Oct-03"
"V","Oct-2003","Attr Name-Time_Russian","Attr Value-Окт-03"
"V","Oct-2003","Attr Name-Time_Spanish","Attr Value-Oct-03"
"V","Oct-2003","Attr Name-Time_Swedish","Attr Value-Okt-03"
"V","Oct-2003","Attr Name-Time_Turkish","Attr Value-Eki-03"
"E","Oct-2004","Type-N","Index-36"
"P","Oct-2004","Parent-Q4-2004","Type-C","Weight-1"
"V","Oct-2004","Attr Name-Time","Attr Value-Oct-2004"
"V","Oct-2004","Attr Name-Time_Brasilian","Attr Value-Out-04"
"V","Oct-2004","Attr Name-Time_ChineseSimplified","Attr Value-04年10月"
"V","Oct-2004","Attr Name-Time_Czech","Attr Value-Říj-04"
"V","Oct-2004","Attr Name-Time_Danish","Attr Value-Okt-04"
"V","Oct-2004","Attr Name-Time_English","Attr Value-Oct-2004"
"V","Oct-2004","Attr Name-Time_Finnish","Attr Value-Loka-04"
"V","Oct-2004","Attr Name-Time_French","Attr Value-Oct-2004"
"V","Oct-2004","Attr Name-Time_German","Attr Value-Okt. 2004"
"V","Oct-2004","Attr Name-Time_Hungarian","Attr Value-Oct-04"
"V","Oct-2004","Attr Name-Time_Italian","Attr Value-Ott-04"
"V","Oct-2004","Attr Name-Time_Japanese","Attr Value-2004 年 10 月"
"V","Oct-2004","Attr Name-Time_Korean","Attr Value-10월-04"
"V","Oct-2004","Attr Name-Time_Norwegian","Attr Value-Okt-04"
"V","Oct-2004","Attr Name-Time_Polish","Attr Value-Paź-04"
"V","Oct-2004","Attr Name-Time_Romanian","Attr Value-Oct-04"
"V","Oct-2004","Attr Name-Time_Russian","Attr Value-Окт-04"
"V","Oct-2004","Attr Name-Time_Spanish","Attr Value-Oct-04"
"V","Oct-2004","Attr Name-Time_Swedish","Attr Value-Okt-04"
"V","Oct-2004","Attr Name-Time_Turkish","Attr Value-Eki-04"
"E","Oct-2005","Type-N","Index-37"
"P","Oct-2005","Parent-Q4-2005","Type-C","Weight-1"
"V","Oct-2005","Attr Name-Time","Attr Value-Oct-2005"
"V","Oct-2005","Attr Name-Time_Brasilian","Attr Value-Out-05"
"V","Oct-2005","Attr Name-Time_ChineseSimplified","Attr Value-05年10月"
"V","Oct-2005","Attr Name-Time_Czech","Attr Value-Říj-05"
"V","Oct-2005","Attr Name-Time_Danish","Attr Value-Okt-05"
"V","Oct-2005","Attr Name-Time_English","Attr Value-Oct-2005"
"V","Oct-2005","Attr Name-Time_Finnish","Attr Value-Loka-05"
"V","Oct-2005","Attr Name-Time_French","Attr Value-Oct-2005"
"V","Oct-2005","Attr Name-Time_German","Attr Value-Okt. 2005"
"V","Oct-2005","Attr Name-Time_Hungarian","Attr Value-Oct-05"
"V","Oct-2005","Attr Name-Time_Italian","Attr Value-Ott-05"
"V","Oct-2005","Attr Name-Time_Japanese","Attr Value-2005 年 10 月"
"V","Oct-2005","Attr Name-Time_Korean","Attr Value-10월-05"
"V","Oct-2005","Attr Name-Time_Norwegian","Attr Value-Okt-05"
"V","Oct-2005","Attr Name-Time_Polish","Attr Value-Paź-05"
"V","Oct-2005","Attr Name-Time_Romanian","Attr Value-Oct-05"
"V","Oct-2005","Attr Name-Time_Russian","Attr Value-Окт-05"
"V","Oct-2005","Attr Name-Time_Spanish","Attr Value-Oct-05"
"V","Oct-2005","Attr Name-Time_Swedish","Attr Value-Okt-05"
"V","Oct-2005","Attr Name-Time_Turkish","Attr Value-Eki-05"
"E","Q1-2003","Type-C","Index-38"
"P","Q1-2003","Parent-2003","Type-C","Weight-1"
"V","Q1-2003","Attr Name-Time","Attr Value-Q1-2003"
"V","Q1-2003","Attr Name-Time_ChineseSimplified","Attr Value-2003年1季度"
"V","Q1-2003","Attr Name-Time_Danish","Attr Value-1. kv.-2003"
"V","Q1-2003","Attr Name-Time_English","Attr Value-Q1-2003"
"V","Q1-2003","Attr Name-Time_Finnish","Attr Value-VN1-2003"
"V","Q1-2003","Attr Name-Time_French","Attr Value-Q1-2003"
"V","Q1-2003","Attr Name-Time_German","Attr Value-Q1-2003"
"V","Q1-2003","Attr Name-Time_Italian","Attr Value-T1-2003"
"V","Q1-2003","Attr Name-Time_Japanese","Attr Value-2003 年第 1 四半期"
"V","Q1-2003","Attr Name-Time_Korean","Attr Value-1분기-2003"
"V","Q1-2003","Attr Name-Time_Norwegian","Attr Value-1. kvartal-2003"
"V","Q1-2003","Attr Name-Time_Polish","Attr Value-K1-2003"
"V","Q1-2003","Attr Name-Time_Russian","Attr Value-Кв.1-2003"
"V","Q1-2003","Attr Name-Time_Spanish","Attr Value-1er trim.-2003"
"V","Q1-2003","Attr Name-Time_Swedish","Attr Value-K1-2003"
"V","Q1-2003","Attr Name-Time_Turkish","Attr Value-1Ç-2003"
"E","Q1-2004","Type-C","Index-39"
"P","Q1-2004","Parent-2004","Type-C","Weight-1"
"V","Q1-2004","Attr Name-Time","Attr Value-Q1-2004"
"V","Q1-2004","Attr Name-Time_ChineseSimplified","Attr Value-2004年1季度"
"V","Q1-2004","Attr Name-Time_Danish","Attr Value-1. kv.-2004"
"V","Q1-2004","Attr Name-Time_English","Attr Value-Q1-2004"
"V","Q1-2004","Attr Name-Time_Finnish","Attr Value-VN1-2004"
"V","Q1-2004","Attr Name-Time_French","Attr Value-Q1-2004"
"V","Q1-2004","Attr Name-Time_German","Attr Value-Q1-2004"
"V","Q1-2004","Attr Name-Time_Italian","Attr Value-T1-2004"
"V","Q1-2004","Attr Name-Time_Japanese","Attr Value-2004 年第 1 四半期"
"V","Q1-2004","Attr Name-Time_Korean","Attr Value-1분기-2004"
"V","Q1-2004","Attr Name-Time_Norwegian","Attr Value-1. kvartal-2004"
"V","Q1-2004","Attr Name-Time_Polish","Attr Value-K1-2004"
"V","Q1-2004","Attr Name-Time_Russian","Attr Value-Кв.1-2004"
"V","Q1-2004","Attr Name-Time_Spanish","Attr Value-1er trim.-2004"
"V","Q1-2004","Attr Name-Time_Swedish","Attr Value-K1-2004"
"V","Q1-2004","Attr Name-Time_Turkish","Attr Value-1Ç-2004"
"E","Q1-2005","Type-C","Index-40"
"P","Q1-2005","Parent-2005","Type-C","Weight-1"
"V","Q1-2005","Attr Name-Time","Attr Value-Q1-2005"
"V","Q1-2005","Attr Name-Time_ChineseSimplified","Attr Value-2005年1季度"
"V","Q1-2005","Attr Name-Time_Danish","Attr Value-1. kv.-2005"
"V","Q1-2005","Attr Name-Time_English","Attr Value-Q1-2005"
"V","Q1-2005","Attr Name-Time_Finnish","Attr Value-VN1-2005"
"V","Q1-2005","Attr Name-Time_French","Attr Value-Q1-2005"
"V","Q1-2005","Attr Name-Time_German","Attr Value-Q1-2005"
"V","Q1-2005","Attr Name-Time_Italian","Attr Value-Q1-2005"
"V","Q1-2005","Attr Name-Time_Japanese","Attr Value-2005 年第 1 四半期"
"V","Q1-2005","Attr Name-Time_Korean","Attr Value-1분기-2005"
"V","Q1-2005","Attr Name-Time_Norwegian","Attr Value-1. kvartal-2005"
"V","Q1-2005","Attr Name-Time_Polish","Attr Value-K1-2005"
"V","Q1-2005","Attr Name-Time_Russian","Attr Value-Кв.1-2005"
"V","Q1-2005","Attr Name-Time_Spanish","Attr Value-1er trim.-2005"
"V","Q1-2005","Attr Name-Time_Swedish","Attr Value-K1-2005"
"V","Q1-2005","Attr Name-Time_Turkish","Attr Value-1Ç-2005"
"E","Q2-2003","Type-C","Index-41"
"P","Q2-2003","Parent-2003","Type-C","Weight-1"
"V","Q2-2003","Attr Name-Time","Attr Value-Q2-2003"
"V","Q2-2003","Attr Name-Time_ChineseSimplified","Attr Value-2003年2季度"
"V","Q2-2003","Attr Name-Time_Danish","Attr Value-2. kv.-2003"
"V","Q2-2003","Attr Name-Time_English","Attr Value-Q2-2003"
"V","Q2-2003","Attr Name-Time_Finnish","Attr Value-VN2-2003"
"V","Q2-2003","Attr Name-Time_French","Attr Value-Q2-2003"
"V","Q2-2003","Attr Name-Time_German","Attr Value-Q2-2003"
"V","Q2-2003","Attr Name-Time_Italian","Attr Value-T2-2003"
"V","Q2-2003","Attr Name-Time_Japanese","Attr Value-2003 年第 2 四半期"
"V","Q2-2003","Attr Name-Time_Korean","Attr Value-2분기-2003"
"V","Q2-2003","Attr Name-Time_Norwegian","Attr Value-2. kvartal-2003"
"V","Q2-2003","Attr Name-Time_Polish","Attr Value-K2-2003"
"V","Q2-2003","Attr Name-Time_Russian","Attr Value-Кв.2-2003"
"V","Q2-2003","Attr Name-Time_Spanish","Attr Value-2do trim.-2003"
"V","Q2-2003","Attr Name-Time_Swedish","Attr Value-K2-2003"
"V","Q2-2003","Attr Name-Time_Turkish","Attr Value-2Ç-2003"
"E","Q2-2004","Type-C","Index-42"
"P","Q2-2004","Parent-2004","Type-C","Weight-1"
"V","Q2-2004","Attr Name-Time","Attr Value-Q2-2004"
"V","Q2-2004","Attr Name-Time_ChineseSimplified","Attr Value-2004年2季度"
"V","Q2-2004","Attr Name-Time_Danish","Attr Value-2. kv.-2004"
"V","Q2-2004","Attr Name-Time_English","Attr Value-Q2-2004"
"V","Q2-2004","Attr Name-Time_Finnish","Attr Value-VN2-2004"
"V","Q2-2004","Attr Name-Time_French","Attr Value-Q2-2004"
"V","Q2-2004","Attr Name-Time_German","Attr Value-Q2-2004"
"V","Q2-2004","Attr Name-Time_Italian","Attr Value-T2-2004"
"V","Q2-2004","Attr Name-Time_Japanese","Attr Value-2004 年第 2 四半期"
"V","Q2-2004","Attr Name-Time_Korean","Attr Value-2분기-2004"
"V","Q2-2004","Attr Name-Time_Norwegian","Attr Value-2. kvartal-2004"
"V","Q2-2004","Attr Name-Time_Polish","Attr Value-K2-2004"
"V","Q2-2004","Attr Name-Time_Russian","Attr Value-Кв.2-2004"
"V","Q2-2004","Attr Name-Time_Spanish","Attr Value-2do trim.-2004"
"V","Q2-2004","Attr Name-Time_Swedish","Attr Value-K2-2004"
"V","Q2-2004","Attr Name-Time_Turkish","Attr Value-2Ç-2004"
"E","Q2-2005","Type-C","Index-43"
"P","Q2-2005","Parent-2005","Type-C","Weight-1"
"V","Q2-2005","Attr Name-Time","Attr Value-Q2-2005"
"V","Q2-2005","Attr Name-Time_ChineseSimplified","Attr Value-2005年2季度"
"V","Q2-2005","Attr Name-Time_Danish","Attr Value-2. kv.-2005"
"V","Q2-2005","Attr Name-Time_English","Attr Value-Q2-2005"
"V","Q2-2005","Attr Name-Time_Finnish","Attr Value-VN2-2005"
"V","Q2-2005","Attr Name-Time_French","Attr Value-Q2-2005"
"V","Q2-2005","Attr Name-Time_German","Attr Value-Q2-2005"
"V","Q2-2005","Attr Name-Time_Italian","Attr Value-Q2-2005"
"V","Q2-2005","Attr Name-Time_Japanese","Attr Value-2005 年第 2 四半期"
"V","Q2-2005","Attr Name-Time_Korean","Attr Value-2분기-2005"
"V","Q2-2005","Attr Name-Time_Norwegian","Attr Value-2. kvartal-2005"
"V","Q2-2005","Attr Name-Time_Polish","Attr Value-K2-2005"
"V","Q2-2005","Attr Name-Time_Russian","Attr Value-Кв.2-2005"
"V","Q2-2005","Attr Name-Time_Spanish","Attr Value-2do trim.-2005"
"V","Q2-2005","Attr Name-Time_Swedish","Attr Value-K2-2005"
"V","Q2-2005","Attr Name-Time_Turkish","Attr Value-2Ç-2005"
"E","Q3-2003","Type-C","Index-44"
"P","Q3-2003","Parent-2003","Type-C","Weight-1"
"V","Q3-2003","Attr Name-Time","Attr Value-Q3-2003"
"V","Q3-2003","Attr Name-Time_ChineseSimplified","Attr Value-2003年3季度"
"V","Q3-2003","Attr Name-Time_Danish","Attr Value-3. kv.-2003"
"V","Q3-2003","Attr Name-Time_English","Attr Value-Q3-2003"
"V","Q3-2003","Attr Name-Time_Finnish","Attr Value-VN3-2003"
"V","Q3-2003","Attr Name-Time_French","Attr Value-Q3-2003"
"V","Q3-2003","Attr Name-Time_German","Attr Value-Q3-2003"
"V","Q3-2003","Attr Name-Time_Italian","Attr Value-T3-2003"
"V","Q3-2003","Attr Name-Time_Japanese","Attr Value-2003 年第 3 四半期"
"V","Q3-2003","Attr Name-Time_Korean","Attr Value-3분기-2003"
"V","Q3-2003","Attr Name-Time_Norwegian","Attr Value-3. kvartal-2003"
"V","Q3-2003","Attr Name-Time_Polish","Attr Value-K3-2003"
"V","Q3-2003","Attr Name-Time_Russian","Attr Value-Кв.3-2003"
"V","Q3-2003","Attr Name-Time_Spanish","Attr Value-3er trim.-2003"
"V","Q3-2003","Attr Name-Time_Swedish","Attr Value-K3-2003"
"V","Q3-2003","Attr Name-Time_Turkish","Attr Value-3Ç-2003"
"E","Q3-2004","Type-C","Index-45"
"P","Q3-2004","Parent-2004","Type-C","Weight-1"
"V","Q3-2004","Attr Name-Time","Attr Value-Q3-2004"
"V","Q3-2004","Attr Name-Time_ChineseSimplified","Attr Value-2004年3季度"
"V","Q3-2004","Attr Name-Time_Danish","Attr Value-3. kv.-2004"
"V","Q3-2004","Attr Name-Time_English","Attr Value-Q3-2004"
"V","Q3-2004","Attr Name-Time_Finnish","Attr Value-VN3-2004"
"V","Q3-2004","Attr Name-Time_French","Attr Value-Q3-2004"
"V","Q3-2004","Attr Name-Time_German","Attr Value-Q3-2004"
"V","Q3-2004","Attr Name-Time_Italian","Attr Value-T3-2004"
"V","Q3-2004","Attr Name-Time_Japanese","Attr Value-2004 年第 3 四半期"
"V","Q3-2004","Attr Name-Time_Korean","Attr Value-3분기-2004"
"V","Q3-2004","Attr Name-Time_Norwegian","Attr Value-3. kvartal-2004"
"V","Q3-2004","Attr Name-Time_Polish","Attr Value-K3-2004"
"V","Q3-2004","Attr Name-Time_Russian","Attr Value-Кв.3-2004"
"V","Q3-2004","Attr Name-Time_Spanish","Attr Value-3er trim.-2004"
"V","Q3-2004","Attr Name-Time_Swedish","Attr Value-K3-2004"
"V","Q3-2004","Attr Name-Time_Turkish","Attr Value-3Ç-2004"
"E","Q3-2005","Type-C","Index-46"
"P","Q3-2005","Parent-2005","Type-C","Weight-1"
"V","Q3-2005","Attr Name-Time","Attr Value-Q3-2005"
"V","Q3-2005","Attr Name-Time_ChineseSimplified","Attr Value-2005年3季度"
"V","Q3-2005","Attr Name-Time_Danish","Attr Value-3. kv.-2005"
"V","Q3-2005","Attr Name-Time_English","Attr Value-Q3-2005"
"V","Q3-2005","Attr Name-Time_Finnish","Attr Value-VN3-2005"
"V","Q3-2005","Attr Name-Time_French","Attr Value-Q3-2005"
"V","Q3-2005","Attr Name-Time_German","Attr Value-Q3-2005"
"V","Q3-2005","Attr Name-Time_Italian","Attr Value-Q3-2005"
"V","Q3-2005","Attr Name-Time_Japanese","Attr Value-2005 年第 3 四半期"
"V","Q3-2005","Attr Name-Time_Korean","Attr Value-3분기-2005"
"V","Q3-2005","Attr Name-Time_Norwegian","Attr Value-3. kvartal-2005"
"V","Q3-2005","Attr Name-Time_Polish","Attr Value-K3-2005"
"V","Q3-2005","Attr Name-Time_Russian","Attr Value-Кв.3-2005"
"V","Q3-2005","Attr Name-Time_Spanish","Attr Value-3er trim.-2005"
"V","Q3-2005","Attr Name-Time_Swedish","Attr Value-K3-2005"
"V","Q3-2005","Attr Name-Time_Turkish","Attr Value-3Ç-2005"
"E","Q4-2003","Type-C","Index-47"
"P","Q4-2003","Parent-2003","Type-C","Weight-1"
"V","Q4-2003","Attr Name-Time","Attr Value-Q4-2003"
"V","Q4-2003","Attr Name-Time_ChineseSimplified","Attr Value-2003年4季度"
"V","Q4-2003","Attr Name-Time_Danish","Attr Value-4. kv.-2003"
"V","Q4-2003","Attr Name-Time_English","Attr Value-Q4-2003"
"V","Q4-2003","Attr Name-Time_Finnish","Attr Value-VN4-2003"
"V","Q4-2003","Attr Name-Time_French","Attr Value-Q4-2003"
"V","Q4-2003","Attr Name-Time_German","Attr Value-Q4-2003"
"V","Q4-2003","Attr Name-Time_Italian","Attr Value-T4-2003"
"V","Q4-2003","Attr Name-Time_Japanese","Attr Value-2003 年第 4 四半期"
"V","Q4-2003","Attr Name-Time_Korean","Attr Value-4분기-2003"
"V","Q4-2003","Attr Name-Time_Norwegian","Attr Value-4. kvartal-2003"
"V","Q4-2003","Attr Name-Time_Polish","Attr Value-K4-2003"
"V","Q4-2003","Attr Name-Time_Russian","Attr Value-Кв.4-2003"
"V","Q4-2003","Attr Name-Time_Spanish","Attr Value-4to trim.-2003"
"V","Q4-2003","Attr Name-Time_Swedish","Attr Value-K4-2003"
"V","Q4-2003","Attr Name-Time_Turkish","Attr Value-4Ç-2003"
"E","Q4-2004","Type-C","Index-48"
"P","Q4-2004","Parent-2004","Type-C","Weight-1"
"V","Q4-2004","Attr Name-Time","Attr Value-Q4-2004"
"V","Q4-2004","Attr Name-Time_ChineseSimplified","Attr Value-2004年4季度"
"V","Q4-2004","Attr Name-Time_Danish","Attr Value-4. kv.-2004"
"V","Q4-2004","Attr Name-Time_English","Attr Value-Q4-2004"
"V","Q4-2004","Attr Name-Time_Finnish","Attr Value-VN4-2004"
"V","Q4-2004","Attr Name-Time_French","Attr Value-Q4-2004"
"V","Q4-2004","Attr Name-Time_German","Attr Value-Q4-2004"
"V","Q4-2004","Attr Name-Time_Italian","Attr Value-T4-2004"
"V","Q4-2004","Attr Name-Time_Japanese","Attr Value-2004 年第 4 四半期"
"V","Q4-2004","Attr Name-Time_Korean","Attr Value-4분기-2004"
"V","Q4-2004","Attr Name-Time_Norwegian","Attr Value-4. kvartal-2004"
"V","Q4-2004","Attr Name-Time_Polish","Attr Value-K4-2004"
"V","Q4-2004","Attr Name-Time_Russian","Attr Value-Кв.4-2004"
"V","Q4-2004","Attr Name-Time_Spanish","Attr Value-4to trim.-2004"
"V","Q4-2004","Attr Name-Time_Swedish","Attr Value-K4-2004"
"V","Q4-2004","Attr Name-Time_Turkish","Attr Value-4Ç-2004"
"E","Q4-2005","Type-C","Index-49"
"P","Q4-2005","Parent-2005","Type-C","Weight-1"
"V","Q4-2005","Attr Name-Time","Attr Value-Q4-2005"
"V","Q4-2005","Attr Name-Time_ChineseSimplified","Attr Value-2005年4季度"
"V","Q4-2005","Attr Name-Time_Danish","Attr Value-4. kv.-2005"
"V","Q4-2005","Attr Name-Time_English","Attr Value-Q4-2005"
"V","Q4-2005","Attr Name-Time_Finnish","Attr Value-VN4-2005"
"V","Q4-2005","Attr Name-Time_French","Attr Value-Q4-2005"
"V","Q4-2005","Attr Name-Time_German","Attr Value-Q4-2005"
"V","Q4-2005","Attr Name-Time_Italian","Attr Value-T4-2005"
"V","Q4-2005","Attr Name-Time_Japanese","Attr Value-2005 年第 4 四半期"
"V","Q4-2005","Attr Name-Time_Korean","Attr Value-4분기-2005"
"V","Q4-2005","Attr Name-Time_Norwegian","Attr Value-4. kvartal-2005"
"V","Q4-2005","Attr Name-Time_Polish","Attr Value-K4-2005"
"V","Q4-2005","Attr Name-Time_Russian","Attr Value-Кв.4-2005"
"V","Q4-2005","Attr Name-Time_Spanish","Attr Value-4to trim.-2005"
"V","Q4-2005","Attr Name-Time_Swedish","Attr Value-K4-2005"
"V","Q4-2005","Attr Name-Time_Turkish","Attr Value-4Ç-2005"
"E","Sep-2003","Type-N","Index-50"
"P","Sep-2003","Parent-Q3-2003","Type-C","Weight-1"
"V","Sep-2003","Attr Name-Time","Attr Value-Sep-2003"
"V","Sep-2003","Attr Name-Time_Brasilian","Attr Value-Set-03"
"V","Sep-2003","Attr Name-Time_ChineseSimplified","Attr Value-03年9月"
"V","Sep-2003","Attr Name-Time_Croatian","Attr Value-Ruj-03"
"V","Sep-2003","Attr Name-Time_Czech","Attr Value-Zář-03"
"V","Sep-2003","Attr Name-Time_Danish","Attr Value-Sep-03"
"V","Sep-2003","Attr Name-Time_English","Attr Value-Sep-2003"
"V","Sep-2003","Attr Name-Time_Finnish","Attr Value-Syys-03"
"V","Sep-2003","Attr Name-Time_French","Attr Value-Sep-2003"
"V","Sep-2003","Attr Name-Time_German","Attr Value-Sep. 2003"
"V","Sep-2003","Attr Name-Time_Hungarian","Attr Value-Sep-03"
"V","Sep-2003","Attr Name-Time_Italian","Attr Value-Set-03"
"V","Sep-2003","Attr Name-Time_Japanese","Attr Value-2003 年 9 月"
"V","Sep-2003","Attr Name-Time_Korean","Attr Value-9월-03"
"V","Sep-2003","Attr Name-Time_Norwegian","Attr Value-Sep-03"
"V","Sep-2003","Attr Name-Time_Polish","Attr Value-Wrz-03"
"V","Sep-2003","Attr Name-Time_Romanian","Attr Value-Sep-03"
"V","Sep-2003","Attr Name-Time_Russian","Attr Value-Сен-03"
"V","Sep-2003","Attr Name-Time_Spanish","Attr Value-Sep-03"
"V","Sep-2003","Attr Name-Time_Swedish","Attr Value-Sep-03"
"V","Sep-2003","Attr Name-Time_Turkish","Attr Value-Eyl-03"
"E","Sep-2004","Type-N","Index-51"
"P","Sep-2004","Parent-Q3-2004","Type-C","Weight-1"
"V","Sep-2004","Attr Name-Time","Attr Value-Sep-2004"
"V","Sep-2004","Attr Name-Time_Brasilian","Attr Value-Set-04"
"V","Sep-2004","Attr Name-Time_ChineseSimplified","Attr Value-04年9月"
"V","Sep-2004","Attr Name-Time_Croatian","Attr Value-Ruj-04"
"V","Sep-2004","Attr Name-Time_Czech","Attr Value-Zář-04"
"V","Sep-2004","Attr Name-Time_Danish","Attr Value-Sep-04"
"V","Sep-2004","Attr Name-Time_English","Attr Value-Sep-2004"
"V","Sep-2004","Attr Name-Time_Finnish","Attr Value-Syys-04"
"V","Sep-2004","Attr Name-Time_French","Attr Value-Sep-2004"
"V","Sep-2004","Attr Name-Time_German","Attr Value-Sep. 2004"
"V","Sep-2004","Attr Name-Time_Hungarian","Attr Value-Sep-04"
"V","Sep-2004","Attr Name-Time_Italian","Attr Value-Set-04"
"V","Sep-2004","Attr Name-Time_Japanese","Attr Value-2004 年 9 月"
"V","Sep-2004","Attr Name-Time_Korean","Attr Value-9월-04"
"V","Sep-2004","Attr Name-Time_Norwegian","Attr Value-Sep-04"
"V","Sep-2004","Attr Name-Time_Polish","Attr Value-Wrz-04"
"V","Sep-2004","Attr Name-Time_Romanian","Attr Value-Sep-04"
"V","Sep-2004","Attr Name-Time_Russian","Attr Value-Сен-04"
"V","Sep-2004","Attr Name-Time_Spanish","Attr Value-Sep-04"
"V","Sep-2004","Attr Name-Time_Swedish","Attr Value-Sep-04"
"V","Sep-2004","Attr Name-Time_Turkish","Attr Value-Eyl-04"
"E","Sep-2005","Type-N","Index-52"
"P","Sep-2005","Parent-Q3-2005","Type-C","Weight-1"
"V","Sep-2005","Attr Name-Time","Attr Value-Sep-2005"
"V","Sep-2005","Attr Name-Time_Brasilian","Attr Value-Set-05"
"V","Sep-2005","Attr Name-Time_ChineseSimplified","Attr Value-05年9月"
"V","Sep-2005","Attr Name-Time_Croatian","Attr Value-Ruj-05"
"V","Sep-2005","Attr Name-Time_Czech","Attr Value-Zář-05"
"V","Sep-2005","Attr Name-Time_Danish","Attr Value-Sep-05"
"V","Sep-2005","Attr Name-Time_English","Attr Value-Sep-2005"
"V","Sep-2005","Attr Name-Time_Finnish","Attr Value-Syys-05"
"V","Sep-2005","Attr Name-Time_French","Attr Value-Sep-2005"
"V","Sep-2005","Attr Name-Time_German","Attr Value-Sep. 2005"
"V","Sep-2005","Attr Name-Time_Hungarian","Attr Value-Sep-05"
"V","Sep-2005","Attr Name-Time_Italian","Attr Value-Set-05"
"V","Sep-2005","Attr Name-Time_Japanese","Attr Value-2005 年 9 月"
"V","Sep-2005","Attr Name-Time_Korean","Attr Value-9월-05"
"V","Sep-2005","Attr Name-Time_Norwegian","Attr Value-Sep-05"
"V","Sep-2005","Attr Name-Time_Polish","Attr Value-Wrz-05"
"V","Sep-2005","Attr Name-Time_Romanian","Attr Value-Sep-05"
"V","Sep-2005","Attr Name-Time_Russian","Attr Value-Сен-05"
"V","Sep-2005","Attr Name-Time_Spanish","Attr Value-Sep-05"
"V","Sep-2005","Attr Name-Time_Swedish","Attr Value-Sep-05"
"V","Sep-2005","Attr Name-Time_Turkish","Attr Value-Eyl-05"
